dataset,pipeline,timestamp,ess_bulk_min,ess_tail_min,r_hat_max,mcse_mean_max,mcse_sd_max,divergences
BNCI2014_001,CSPBLDA,20260522-124307,1378.0,2328.0,1.0,0.002,0.001,0
BNCI2014_001,CSPBLDA,20260522-132230,1095.0,914.0,1.0,0.002,0.002,0
BNCI2014_001,CSPBLDA,20260522-125721,1401.0,1884.0,1.0,0.002,0.001,0
BNCI2014_001,CSPBLDA,20260522-125216,959.0,1496.0,1.01,0.003,0.002,0
BNCI2014_001,CSPBLDA,20260522-131207,1041.0,1771.0,1.0,0.003,0.002,0
BNCI2014_001,CSPBLDA,20260522-124738,1605.0,2243.0,1.0,0.002,0.001,0
BNCI2014_001,CSPBLDA,20260522-130703,1377.0,1783.0,1.0,0.003,0.002,0
BNCI2014_001,CSPBLDA,20260522-131724,1128.0,1114.0,1.0,0.002,0.002,0
BNCI2014_001,CSPBLDA,20260522-130210,1532.0,1906.0,1.0,0.002,0.001,0
BNCI2014_001,CSPGP,20260522-140939,922.0,1395.0,1.0,0.014,0.015,0
BNCI2014_001,CSPGP,20260522-133248,1313.0,2044.0,1.0,0.011,0.019,0
BNCI2014_001,CSPGP,20260522-135617,1011.0,1505.0,1.01,0.012,0.013,0
BNCI2014_001,CSPGP,20260522-133804,904.0,1632.0,1.01,0.015,0.017,0
BNCI2014_001,CSPGP,20260522-134217,1468.0,2414.0,1.0,0.011,0.015,0
BNCI2014_001,CSPGP,20260522-140023,959.0,1810.0,1.0,0.012,0.016,0
BNCI2014_001,CSPGP,20260522-135129,1665.0,2245.0,1.0,0.011,0.015,0
BNCI2014_001,CSPGP,20260522-134706,712.0,1470.0,1.01,0.017,0.013,0
BNCI2014_001,CSPGP,20260522-140511,744.0,1449.0,1.0,0.015,0.013,0
BNCI2014_001,TSBLR,20260522-142951,3941.0,2282.0,1.0,0.001,0.001,0
BNCI2014_001,TSBLR,20260522-142830,3268.0,2499.0,1.0,0.001,0.001,0
BNCI2014_001,TSBLR,20260522-142027,4438.0,2190.0,1.0,0.001,0.001,0
BNCI2014_001,TSBLR,20260522-142547,3695.0,2258.0,1.0,0.001,0.001,0
BNCI2014_001,TSBLR,20260522-142708,3738.0,2252.0,1.01,0.001,0.001,0
BNCI2014_001,TSBLR,20260522-142310,3494.0,2487.0,1.0,0.001,0.001,0
BNCI2014_001,TSBLR,20260522-142148,3906.0,2317.0,1.0,0.001,0.001,0
BNCI2014_001,TSBLR,20260522-142432,3832.0,2599.0,1.0,0.001,0.001,0
BNCI2014_001,TSBLR,20260522-141911,3424.0,2475.0,1.01,0.001,0.001,0
BNCI2014_001,TSGP,20260522-145323,1337.0,1995.0,1.01,0.011,0.02,0
BNCI2014_001,TSGP,20260522-143739,1447.0,2252.0,1.0,0.01,0.017,0
BNCI2014_001,TSGP,20260522-144016,1425.0,2194.0,1.0,0.01,0.019,0
BNCI2014_001,TSGP,20260522-145602,1414.0,2084.0,1.0,0.01,0.018,0
BNCI2014_001,TSGP,20260522-145839,1387.0,2318.0,1.0,0.011,0.018,0
BNCI2014_001,TSGP,20260522-144254,1320.0,2243.0,1.0,0.01,0.022,0
BNCI2014_001,TSGP,20260522-144530,1500.0,2102.0,1.0,0.01,0.019,0
BNCI2014_001,TSGP,20260522-144809,1093.0,2087.0,1.01,0.011,0.02,0
BNCI2014_001,TSGP,20260522-145045,1381.0,2013.0,1.0,0.01,0.016,0
BNCI2014_001,BSCNN,20260522-153250,4249.0,2179.0,1.01,0.001,0.001,0
BNCI2014_001,BSCNN,20260522-151848,4433.0,2247.0,1.01,0.001,0.001,0
BNCI2014_001,BSCNN,20260522-151030,4208.0,2323.0,1.01,0.001,0.001,0
BNCI2014_001,BSCNN,20260522-152418,4597.0,2254.0,1.01,0.001,0.001,0
BNCI2014_001,BSCNN,20260522-152133,5181.0,2300.0,1.01,0.001,0.001,0
BNCI2014_001,BSCNN,20260522-152703,6069.0,1984.0,1.01,0.001,0.001,0
BNCI2014_001,BSCNN,20260522-151315,4535.0,1956.0,1.01,0.001,0.001,0
BNCI2014_001,BSCNN,20260522-151559,3778.0,2121.0,1.01,0.001,0.001,0
BNCI2014_001,BSCNN,20260522-153006,4986.0,2301.0,1.01,0.001,0.001,0
BNCI2014_001,BDCNN,20260522-160159,3985.0,2319.0,1.01,0.002,0.002,0
BNCI2014_001,BDCNN,20260522-154908,8002.0,2037.0,1.01,0.001,0.002,0
BNCI2014_001,BDCNN,20260522-155535,3340.0,2481.0,1.0,0.001,0.001,0
BNCI2014_001,BDCNN,20260522-155945,5310.0,2249.0,1.0,0.001,0.002,0
BNCI2014_001,BDCNN,20260522-155737,7996.0,2206.0,1.01,0.001,0.002,0
BNCI2014_001,BDCNN,20260522-155331,4544.0,1790.0,1.0,0.001,0.002,0
BNCI2014_001,BDCNN,20260522-155121,8673.0,1948.0,1.01,0.001,0.002,0
BNCI2014_001,BDCNN,20260522-154656,7121.0,2099.0,1.01,0.001,0.002,0
BNCI2014_001,BDCNN,20260522-160403,4616.0,2424.0,1.0,0.002,0.002,0
BNCI2014_004,CSPBLDA,20260522-165446,3414.0,2540.0,1.0,0.0,0.0,0
BNCI2014_004,CSPBLDA,20260522-163845,3581.0,2607.0,1.0,0.0,0.0,0
BNCI2014_004,CSPBLDA,20260522-164924,3717.0,2340.0,1.0,0.0,0.0,0
BNCI2014_004,CSPBLDA,20260522-170008,3190.0,2714.0,1.0,0.0,0.0,0
BNCI2014_004,CSPBLDA,20260522-161717,3865.0,2630.0,1.0,0.0,0.0,0
BNCI2014_004,CSPBLDA,20260522-162758,3485.0,2860.0,1.0,0.0,0.0,0
BNCI2014_004,CSPBLDA,20260522-163316,3552.0,2655.0,1.0,0.0,0.0,0
BNCI2014_004,CSPBLDA,20260522-164406,3558.0,2926.0,1.0,0.0,0.0,0
BNCI2014_004,CSPBLDA,20260522-162237,3451.0,2944.0,1.0,0.0,0.0,0
BNCI2014_004,CSPGP,20260522-181440,1185.0,1986.0,1.0,0.012,0.018,0
BNCI2014_004,CSPGP,20260522-180027,1445.0,2197.0,1.0,0.012,0.018,0
BNCI2014_004,CSPGP,20260522-172408,1444.0,2161.0,1.01,0.012,0.017,0
BNCI2014_004,CSPGP,20260522-180730,1517.0,2028.0,1.01,0.011,0.022,0
BNCI2014_004,CSPGP,20260522-173111,1587.0,2360.0,1.0,0.013,0.017,0
BNCI2014_004,CSPGP,20260522-175320,1071.0,1684.0,1.0,0.013,0.017,0
BNCI2014_004,CSPGP,20260522-174547,986.0,1574.0,1.01,0.013,0.02,0
BNCI2014_004,CSPGP,20260522-171704,1453.0,2101.0,1.01,0.011,0.022,0
BNCI2014_004,CSPGP,20260522-173808,1284.0,1897.0,1.0,0.011,0.018,0
BNCI2014_004,TSBLR,20260522-184022,2826.0,2416.0,1.0,0.001,0.001,0
BNCI2014_004,TSBLR,20260522-184403,3181.0,2494.0,1.0,0.001,0.001,0
BNCI2014_004,TSBLR,20260522-184215,2790.0,2558.0,1.0,0.001,0.001,0
BNCI2014_004,TSBLR,20260522-184551,2624.0,2215.0,1.0,0.001,0.001,0
BNCI2014_004,TSBLR,20260522-184738,2371.0,2489.0,1.0,0.001,0.001,0
BNCI2014_004,TSBLR,20260522-183501,2674.0,2597.0,1.0,0.001,0.001,0
BNCI2014_004,TSBLR,20260522-183835,2953.0,2279.0,1.0,0.001,0.001,0
BNCI2014_004,TSBLR,20260522-183648,2631.0,2239.0,1.0,0.001,0.001,0
BNCI2014_004,TSBLR,20260522-183313,2852.0,2615.0,1.0,0.001,0.001,0
BNCI2014_004,TSGP,20260522-191445,555.0,680.0,1.01,0.015,0.02,0
BNCI2014_004,TSGP,20260522-192813,1063.0,1919.0,1.01,0.018,0.027,0
BNCI2014_004,TSGP,20260522-190058,703.0,1033.0,1.01,0.017,0.022,0
BNCI2014_004,TSGP,20260522-192127,928.0,1404.0,1.01,0.017,0.022,0
BNCI2014_004,TSGP,20260522-194727,624.0,1194.0,1.0,0.016,0.02,0
BNCI2014_004,TSGP,20260522-190800,844.0,1517.0,1.0,0.017,0.022,0
BNCI2014_004,TSGP,20260522-195334,566.0,862.0,1.01,0.021,0.02,0
BNCI2014_004,TSGP,20260522-193440,549.0,1063.0,1.0,0.023,0.019,1
BNCI2014_004,TSGP,20260522-194035,624.0,1172.0,1.01,0.018,0.022,1
BNCI2014_004,BSCNN,20260522-201852,6795.0,1945.0,1.01,0.0,0.001,0
BNCI2014_004,BSCNN,20260522-205541,5305.0,1966.0,1.01,0.0,0.001,0
BNCI2014_004,BSCNN,20260522-202436,6400.0,2078.0,1.01,0.0,0.001,0
BNCI2014_004,BSCNN,20260522-203051,6787.0,1977.0,1.01,0.0,0.001,0
BNCI2014_004,BSCNN,20260522-204931,7565.0,1914.0,1.01,0.0,0.001,0
BNCI2014_004,BSCNN,20260522-203703,6536.0,2138.0,1.01,0.0,0.001,0
BNCI2014_004,BSCNN,20260522-204317,6580.0,2038.0,1.01,0.0,0.001,0
BNCI2014_004,BSCNN,20260522-210740,5523.0,2057.0,1.01,0.0,0.001,0
BNCI2014_004,BSCNN,20260522-210149,7268.0,2068.0,1.01,0.0,0.001,0
BNCI2014_004,BDCNN,20260522-215200,7922.0,2009.0,1.01,0.001,0.001,0
BNCI2014_004,BDCNN,20260522-220043,3578.0,2523.0,1.01,0.001,0.001,0
BNCI2014_004,BDCNN,20260522-220903,4881.0,2029.0,1.01,0.001,0.001,0
BNCI2014_004,BDCNN,20260522-214323,4612.0,2327.0,1.01,0.001,0.001,0
BNCI2014_004,BDCNN,20260522-214745,3741.0,2187.0,1.01,0.001,0.001,0
BNCI2014_004,BDCNN,20260522-215622,5165.0,2145.0,1.01,0.001,0.001,0
BNCI2014_004,BDCNN,20260522-213433,7835.0,2164.0,1.01,0.001,0.001,0
BNCI2014_004,BDCNN,20260522-220441,5334.0,2335.0,1.01,0.001,0.001,0
BNCI2014_004,BDCNN,20260522-213901,5362.0,1996.0,1.01,0.001,0.001,0
Brandl2020,CSPBLDA,20260522-221707,2218.0,2631.0,1.0,0.001,0.001,0
Brandl2020,CSPBLDA,20260522-233256,1340.0,2007.0,1.0,0.001,0.001,0
Brandl2020,CSPBLDA,20260522-224508,1611.0,2073.0,1.0,0.001,0.001,0
Brandl2020,CSPBLDA,20260522-234251,1443.0,2062.0,1.0,0.001,0.0,0
Brandl2020,CSPBLDA,20260522-225427,1730.0,2263.0,1.0,0.001,0.0,0
Brandl2020,CSPBLDA,20260522-232303,1456.0,2028.0,1.0,0.001,0.001,0
Brandl2020,CSPBLDA,20260522-222625,1712.0,2060.0,1.0,0.001,0.0,0
Brandl2020,CSPBLDA,20260522-230341,1445.0,1871.0,1.0,0.001,0.001,0
Brandl2020,CSPBLDA,20260522-231308,1415.0,1860.0,1.0,0.001,0.001,0
Brandl2020,CSPBLDA,20260522-223552,1561.0,2217.0,1.0,0.001,0.001,0
Brandl2020,CSPGP,20260523-002819,859.0,1553.0,1.01,0.011,0.013,0
Brandl2020,CSPGP,20260523-000343,896.0,1651.0,1.0,0.016,0.013,0
Brandl2020,CSPGP,20260523-004142,1513.0,2126.0,1.0,0.009,0.013,0
Brandl2020,CSPGP,20260523-001607,1295.0,1931.0,1.0,0.011,0.012,0
Brandl2020,CSPGP,20260523-002200,1092.0,1911.0,1.01,0.011,0.013,0
Brandl2020,CSPGP,20260523-003504,781.0,1201.0,1.0,0.018,0.013,0
Brandl2020,CSPGP,20260523-004749,1169.0,1895.0,1.0,0.01,0.015,0
Brandl2020,CSPGP,20260523-001002,1636.0,2082.0,1.0,0.012,0.016,0
Brandl2020,CSPGP,20260523-005348,1362.0,2105.0,1.0,0.01,0.014,0
Brandl2020,CSPGP,20260522-235745,1480.0,2097.0,1.0,0.012,0.012,0
Brandl2020,TSBLR,20260523-010939,6553.0,2344.0,1.0,0.001,0.001,0
Brandl2020,TSBLR,20260523-011832,5804.0,1923.0,1.0,0.001,0.001,0
Brandl2020,TSBLR,20260523-011533,6048.0,2287.0,1.0,0.001,0.001,0
Brandl2020,TSBLR,20260523-011237,6240.0,2189.0,1.0,0.001,0.001,0
Brandl2020,TSBLR,20260523-011108,5895.0,2152.0,1.0,0.001,0.001,0
Brandl2020,TSBLR,20260523-010809,6047.0,2260.0,1.0,0.001,0.001,0
Brandl2020,TSBLR,20260523-011405,6017.0,2215.0,1.0,0.001,0.001,0
Brandl2020,TSBLR,20260523-011702,6161.0,2235.0,1.0,0.001,0.001,0
Brandl2020,TSBLR,20260523-010642,6587.0,2219.0,1.01,0.001,0.001,0
Brandl2020,TSBLR,20260523-010512,6891.0,2456.0,1.0,0.001,0.001,0
Brandl2020,TSGP,20260523-014807,756.0,1317.0,1.01,0.011,0.019,0
Brandl2020,TSGP,20260523-014305,1086.0,1980.0,1.0,0.013,0.02,0
Brandl2020,TSGP,20260523-020326,1048.0,1722.0,1.0,0.01,0.021,0
Brandl2020,TSGP,20260523-015817,869.0,1587.0,1.01,0.01,0.022,0
Brandl2020,TSGP,20260523-020051,918.0,1753.0,1.01,0.01,0.019,0
Brandl2020,TSGP,20260523-014036,958.0,2041.0,1.0,0.012,0.02,0
Brandl2020,TSGP,20260523-015310,1124.0,1655.0,1.0,0.011,0.018,0
Brandl2020,TSGP,20260523-014533,934.0,1269.0,1.0,0.01,0.021,0
Brandl2020,TSGP,20260523-015039,923.0,1779.0,1.0,0.011,0.018,0
Brandl2020,TSGP,20260523-015542,981.0,1524.0,1.01,0.011,0.022,0
Brandl2020,BSCNN,20260523-033200,5977.0,2062.0,1.01,0.0,0.001,0
Brandl2020,BSCNN,20260523-030605,7330.0,2029.0,1.01,0.0,0.001,0
Brandl2020,BSCNN,20260523-031841,5367.0,2234.0,1.01,0.0,0.001,0
Brandl2020,BSCNN,20260523-024522,6675.0,2084.0,1.01,0.0,0.001,0
Brandl2020,BSCNN,20260523-025919,6212.0,2194.0,1.01,0.0,0.001,0
Brandl2020,BSCNN,20260523-023906,5956.0,2177.0,1.01,0.0,0.001,0
Brandl2020,BSCNN,20260523-032536,5018.0,2138.0,1.01,0.0,0.001,0
Brandl2020,BSCNN,20260523-031239,5709.0,2124.0,1.01,0.0,0.001,0
Brandl2020,BSCNN,20260523-033906,5343.0,2139.0,1.01,0.0,0.001,0
Brandl2020,BSCNN,20260523-025217,6210.0,1888.0,1.01,0.0,0.001,0
Brandl2020,BDCNN,20260523-041913,4497.0,2329.0,1.01,0.001,0.001,0
Brandl2020,BDCNN,20260523-040736,4799.0,2334.0,1.01,0.001,0.001,0
Brandl2020,BDCNN,20260523-043851,5293.0,2089.0,1.01,0.001,0.001,0
Brandl2020,BDCNN,20260523-043041,8720.0,1932.0,1.01,0.001,0.001,0
Brandl2020,BDCNN,20260523-041129,7757.0,2074.0,1.01,0.001,0.001,0
Brandl2020,BDCNN,20260523-042251,5779.0,2103.0,1.01,0.001,0.001,0
Brandl2020,BDCNN,20260523-044258,5737.0,2126.0,1.01,0.001,0.001,0
Brandl2020,BDCNN,20260523-041517,7670.0,2023.0,1.01,0.001,0.001,0
Brandl2020,BDCNN,20260523-042644,8194.0,1948.0,1.01,0.001,0.001,0
Brandl2020,BDCNN,20260523-043444,4609.0,2180.0,1.01,0.001,0.001,0
Chang2025,CSPBLDA,20260523-052823,3055.0,2657.0,1.0,0.001,0.001,0
Chang2025,CSPBLDA,20260523-053242,2777.0,2538.0,1.0,0.001,0.001,0
Chang2025,CSPBLDA,20260523-053701,3047.0,2773.0,1.0,0.001,0.001,0
Chang2025,CSPBLDA,20260523-051944,2975.0,2775.0,1.0,0.001,0.001,0
Chang2025,CSPBLDA,20260523-045734,2869.0,2663.0,1.0,0.001,0.001,0
Chang2025,CSPBLDA,20260523-051523,2286.0,2632.0,1.0,0.001,0.001,0
Chang2025,CSPBLDA,20260523-051103,1739.0,2401.0,1.0,0.001,0.001,0
Chang2025,CSPBLDA,20260523-052402,2528.0,2435.0,1.0,0.001,0.001,0
Chang2025,CSPBLDA,20260523-050646,3684.0,2496.0,1.0,0.001,0.001,0
Chang2025,CSPBLDA,20260523-050227,2899.0,2772.0,1.0,0.001,0.001,0
Chang2025,CSPGP,20260523-062046,951.0,1640.0,1.01,0.016,0.015,0
Chang2025,CSPGP,20260523-063323,1263.0,2127.0,1.0,0.013,0.018,0
Chang2025,CSPGP,20260523-060225,880.0,1676.0,1.0,0.015,0.017,0
Chang2025,CSPGP,20260523-062852,1106.0,2045.0,1.0,0.012,0.015,0
Chang2025,CSPGP,20260523-060728,1121.0,1832.0,1.0,0.014,0.016,0
Chang2025,CSPGP,20260523-062451,829.0,1656.0,1.0,0.014,0.015,0
Chang2025,CSPGP,20260523-055728,623.0,1264.0,1.0,0.019,0.016,0
Chang2025,CSPGP,20260523-061218,1232.0,2072.0,1.0,0.012,0.016,0
Chang2025,CSPGP,20260523-055214,696.0,1365.0,1.01,0.016,0.015,0
Chang2025,CSPGP,20260523-061633,1043.0,1824.0,1.01,0.014,0.016,0
Chang2025,TSBLR,20260523-070029,5005.0,2392.0,1.01,0.001,0.001,0
Chang2025,TSBLR,20260523-065840,5595.0,2338.0,1.0,0.001,0.001,0
Chang2025,TSBLR,20260523-065124,4978.0,2314.0,1.0,0.001,0.001,0
Chang2025,TSBLR,20260523-070217,5673.0,2415.0,1.0,0.001,0.001,0
Chang2025,TSBLR,20260523-065503,5524.0,2376.0,1.01,0.001,0.001,0
Chang2025,TSBLR,20260523-064901,5463.0,2439.0,1.0,0.001,0.001,0
Chang2025,TSBLR,20260523-065313,5550.0,2337.0,1.0,0.001,0.001,0
Chang2025,TSBLR,20260523-070406,5352.0,2290.0,1.0,0.001,0.001,0
Chang2025,TSBLR,20260523-070555,5470.0,2337.0,1.0,0.001,0.001,0
Chang2025,TSBLR,20260523-065652,5460.0,2448.0,1.0,0.001,0.001,0
Chang2025,TSGP,20260523-073704,1338.0,2377.0,1.0,0.012,0.019,0
Chang2025,TSGP,20260523-074904,1714.0,2568.0,1.01,0.011,0.018,0
Chang2025,TSGP,20260523-074257,1528.0,2127.0,1.01,0.012,0.018,0
Chang2025,TSGP,20260523-073101,1357.0,2165.0,1.01,0.012,0.017,0
Chang2025,TSGP,20260523-072804,1642.0,2176.0,1.0,0.012,0.019,0
Chang2025,TSGP,20260523-074600,1703.0,2251.0,1.01,0.01,0.018,0
Chang2025,TSGP,20260523-072130,1562.0,2108.0,1.01,0.01,0.02,0
Chang2025,TSGP,20260523-074001,1416.0,2234.0,1.0,0.011,0.018,0
Chang2025,TSGP,20260523-073401,1664.0,2133.0,1.01,0.01,0.019,0
Chang2025,TSGP,20260523-072510,1695.0,2237.0,1.0,0.013,0.019,0
Chang2025,BSCNN,20260523-082600,4452.0,2283.0,1.01,0.001,0.001,0
Chang2025,BSCNN,20260523-084018,4466.0,2163.0,1.01,0.001,0.001,0
Chang2025,BSCNN,20260523-082228,4749.0,2145.0,1.01,0.001,0.001,0
Chang2025,BSCNN,20260523-080722,4151.0,2242.0,1.01,0.001,0.001,0
Chang2025,BSCNN,20260523-083306,4694.0,2061.0,1.01,0.001,0.001,0
Chang2025,BSCNN,20260523-082933,4989.0,2202.0,1.01,0.001,0.001,0
Chang2025,BSCNN,20260523-081521,3811.0,1871.0,1.01,0.001,0.001,0
Chang2025,BSCNN,20260523-083641,4145.0,2228.0,1.01,0.001,0.001,0
Chang2025,BSCNN,20260523-081149,4578.0,2145.0,1.01,0.001,0.001,0
Chang2025,BSCNN,20260523-081853,3843.0,2111.0,1.01,0.001,0.001,0
Chang2025,BDCNN,20260523-092225,6209.0,2314.0,1.01,0.001,0.002,0
Chang2025,BDCNN,20260523-091424,6637.0,2362.0,1.01,0.001,0.001,0
Chang2025,BDCNN,20260523-091945,6275.0,2095.0,1.01,0.001,0.002,0
Chang2025,BDCNN,20260523-091142,5425.0,2271.0,1.01,0.001,0.002,0
Chang2025,BDCNN,20260523-090022,7734.0,2128.0,1.01,0.001,0.002,0
Chang2025,BDCNN,20260523-091704,8331.0,2062.0,1.01,0.001,0.002,0
Chang2025,BDCNN,20260523-090342,5964.0,2073.0,1.01,0.001,0.001,0
Chang2025,BDCNN,20260523-090621,5907.0,2252.0,1.01,0.001,0.002,0
Chang2025,BDCNN,20260523-092508,8113.0,2172.0,1.01,0.001,0.002,0
Chang2025,BDCNN,20260523-090901,6872.0,2262.0,1.01,0.001,0.002,0
Cho2017,CSPBLDA,20260523-094507,2677.0,2673.0,1.0,0.0,0.0,0
Cho2017,CSPBLDA,20260523-095712,2800.0,2825.0,1.0,0.0,0.0,0
Cho2017,CSPBLDA,20260523-105822,3003.0,2657.0,1.0,0.0,0.0,0
Cho2017,CSPBLDA,20260523-093210,2276.0,2677.0,1.0,0.001,0.0,0
Cho2017,CSPBLDA,20260523-104604,2363.0,2320.0,1.0,0.0,0.0,0
Cho2017,CSPBLDA,20260523-112259,3475.0,2807.0,1.0,0.0,0.0,0
Cho2017,CSPBLDA,20260523-102142,2288.0,2693.0,1.0,0.001,0.0,0
Cho2017,CSPBLDA,20260523-100939,2547.0,2849.0,1.0,0.0,0.0,0
Cho2017,CSPBLDA,20260523-111040,2472.0,2565.0,1.0,0.0,0.0,0
Cho2017,CSPBLDA,20260523-103345,2261.0,2696.0,1.0,0.0,0.0,0
Cho2017,CSPGP,20260523-115940,919.0,1857.0,1.0,0.012,0.014,0
Cho2017,CSPGP,20260523-121055,1181.0,1763.0,1.0,0.011,0.016,0
Cho2017,CSPGP,20260523-123658,568.0,1126.0,1.01,0.019,0.017,0
Cho2017,CSPGP,20260523-120541,1101.0,1700.0,1.01,0.012,0.018,0
Cho2017,CSPGP,20260523-114720,1082.0,1737.0,1.0,0.012,0.015,0
Cho2017,CSPGP,20260523-122333,1393.0,2337.0,1.0,0.01,0.014,0
Cho2017,CSPGP,20260523-114135,977.0,1540.0,1.0,0.011,0.014,0
Cho2017,CSPGP,20260523-115327,1340.0,1830.0,1.0,0.011,0.016,0
Cho2017,CSPGP,20260523-121741,1384.0,2187.0,1.0,0.013,0.017,0
Cho2017,CSPGP,20260523-123034,1160.0,1842.0,1.0,0.013,0.013,0
Cho2017,TSBLR,20260523-125759,6549.0,2303.0,1.01,0.001,0.001,0
Cho2017,TSBLR,20260523-125321,6870.0,2244.0,1.01,0.001,0.001,0
Cho2017,TSBLR,20260523-125454,6527.0,2343.0,1.01,0.001,0.001,0
Cho2017,TSBLR,20260523-125626,7179.0,2396.0,1.01,0.001,0.001,0
Cho2017,TSBLR,20260523-125150,6965.0,2101.0,1.01,0.001,0.001,0
Cho2017,TSBLR,20260523-125018,6799.0,2311.0,1.01,0.001,0.001,0
Cho2017,TSBLR,20260523-125930,6938.0,2526.0,1.01,0.001,0.001,0
Cho2017,TSBLR,20260523-130101,6958.0,2154.0,1.01,0.001,0.001,0
Cho2017,TSBLR,20260523-124845,7220.0,2281.0,1.01,0.001,0.001,0
Cho2017,TSBLR,20260523-130233,7085.0,2188.0,1.01,0.001,0.001,0
Cho2017,TSGP,20260523-140529,1207.0,2169.0,1.0,0.012,0.017,0
Cho2017,TSGP,20260523-134943,1195.0,2170.0,1.0,0.011,0.019,0
Cho2017,TSGP,20260523-134426,1251.0,2255.0,1.0,0.011,0.019,0
Cho2017,TSGP,20260523-140809,1225.0,1811.0,1.01,0.011,0.019,0
Cho2017,TSGP,20260523-135456,1079.0,1648.0,1.0,0.01,0.016,0
Cho2017,TSGP,20260523-134705,1190.0,1932.0,1.01,0.011,0.018,0
Cho2017,TSGP,20260523-140011,1315.0,1977.0,1.0,0.01,0.019,0
Cho2017,TSGP,20260523-135220,1278.0,1584.0,1.0,0.011,0.017,0
Cho2017,TSGP,20260523-135732,1243.0,1783.0,1.01,0.011,0.016,0
Cho2017,TSGP,20260523-140251,1386.0,2231.0,1.0,0.013,0.018,0
Cho2017,BSCNN,20260523-150351,4038.0,2389.0,1.0,0.001,0.001,0
Cho2017,BSCNN,20260523-151510,3795.0,2302.0,1.01,0.001,0.001,0
Cho2017,BSCNN,20260523-144642,4020.0,2233.0,1.01,0.0,0.001,0
Cho2017,BSCNN,20260523-144030,4060.0,2292.0,1.01,0.001,0.001,0
Cho2017,BSCNN,20260523-145816,3692.0,2297.0,1.01,0.001,0.001,0
Cho2017,BSCNN,20260523-152627,4157.0,2328.0,1.01,0.001,0.001,0
Cho2017,BSCNN,20260523-145247,3752.0,2241.0,1.0,0.001,0.001,0
Cho2017,BSCNN,20260523-143509,3687.0,2338.0,1.01,0.001,0.001,0
Cho2017,BSCNN,20260523-152045,3944.0,2188.0,1.01,0.001,0.001,0
Cho2017,BSCNN,20260523-150937,3675.0,2365.0,1.01,0.001,0.001,0
Cho2017,BDCNN,20260523-160523,4269.0,2178.0,1.01,0.0,0.0,0
Cho2017,BDCNN,20260523-173906,4335.0,1945.0,1.01,0.0,0.0,0
Cho2017,BDCNN,20260523-165601,3498.0,2131.0,1.01,0.0,0.0,0
Cho2017,BDCNN,20260523-172815,3907.0,2047.0,1.01,0.0,0.0,0
Cho2017,BDCNN,20260523-163214,5815.0,1913.0,1.01,0.0,0.0,0
Cho2017,BDCNN,20260523-164239,4328.0,2069.0,1.01,0.0,0.0,0
Cho2017,BDCNN,20260523-171737,4992.0,2089.0,1.01,0.0,0.001,0
Cho2017,BDCNN,20260523-155448,4760.0,1909.0,1.01,0.0,0.0,0
Cho2017,BDCNN,20260523-170651,4163.0,2032.0,1.01,0.0,0.0,0
Cho2017,BDCNN,20260523-161843,3976.0,1987.0,1.01,0.0,0.0,0
Dreyer2023,CSPBLDA,20260523-193017,1986.0,2685.0,1.0,0.0,0.0,0
Dreyer2023,CSPBLDA,20260523-195328,2114.0,2484.0,1.0,0.0,0.0,0
Dreyer2023,CSPBLDA,20260523-212753,1613.0,2272.0,1.0,0.0,0.0,0
Dreyer2023,CSPBLDA,20260523-210405,1770.0,2472.0,1.0,0.0,0.0,0
Dreyer2023,CSPBLDA,20260523-204033,1886.0,2521.0,1.0,0.0,0.0,0
Dreyer2023,CSPBLDA,20260523-181909,2117.0,2723.0,1.0,0.0,0.0,0
Dreyer2023,CSPBLDA,20260523-190654,2290.0,2344.0,1.01,0.0,0.0,0
Dreyer2023,CSPBLDA,20260523-201706,1535.0,2051.0,1.0,0.001,0.0,0
Dreyer2023,CSPBLDA,20260523-175547,1616.0,2278.0,1.0,0.0,0.0,0
Dreyer2023,CSPBLDA,20260523-184231,1925.0,2336.0,1.0,0.0,0.0,0
Dreyer2023,CSPGP,20260523-222657,928.0,1630.0,1.0,0.014,0.021,0
Dreyer2023,CSPGP,20260523-221305,907.0,1340.0,1.0,0.017,0.017,0
Dreyer2023,CSPGP,20260523-224143,1061.0,1665.0,1.0,0.015,0.017,0
Dreyer2023,CSPGP,20260523-220622,831.0,1263.0,1.0,0.015,0.019,0
Dreyer2023,CSPGP,20260523-222002,1019.0,1676.0,1.0,0.012,0.019,0
Dreyer2023,CSPGP,20260523-223414,606.0,849.0,1.0,0.017,0.017,0
Dreyer2023,CSPGP,20260523-230401,940.0,1283.0,1.01,0.016,0.017,0
Dreyer2023,CSPGP,20260523-225539,489.0,523.0,1.01,0.022,0.018,1
Dreyer2023,CSPGP,20260523-231301,1322.0,1994.0,1.0,0.012,0.013,0
Dreyer2023,CSPGP,20260523-224851,845.0,1519.0,1.0,0.016,0.018,0
Dreyer2023,TSBLR,20260523-234240,4860.0,2323.0,1.0,0.001,0.001,0
Dreyer2023,TSBLR,20260523-234442,5964.0,2527.0,1.01,0.0,0.001,0
Dreyer2023,TSBLR,20260523-233628,5571.0,2448.0,1.0,0.001,0.001,0
Dreyer2023,TSBLR,20260523-234644,4793.0,2519.0,1.0,0.001,0.001,0
Dreyer2023,TSBLR,20260523-234847,4978.0,2424.0,1.01,0.001,0.001,0
Dreyer2023,TSBLR,20260523-233831,5233.0,2254.0,1.0,0.001,0.001,0
Dreyer2023,TSBLR,20260523-234036,5274.0,2451.0,1.01,0.001,0.001,0
Dreyer2023,TSBLR,20260523-233423,5475.0,2400.0,1.01,0.001,0.001,0
Dreyer2023,TSBLR,20260523-235051,5234.0,2390.0,1.0,0.001,0.001,0
Dreyer2023,TSBLR,20260523-233219,5411.0,2222.0,1.01,0.001,0.001,0
Dreyer2023,TSGP,20260524-061341,575.0,1075.0,1.0,0.012,0.018,0
Dreyer2023,TSGP,20260524-055149,658.0,1288.0,1.01,0.011,0.023,0
Dreyer2023,TSGP,20260524-061711,630.0,1063.0,1.0,0.012,0.018,0
Dreyer2023,TSGP,20260524-055919,553.0,1027.0,1.02,0.013,0.018,0
Dreyer2023,TSGP,20260524-061012,661.0,1151.0,1.01,0.018,0.019,0
Dreyer2023,TSGP,20260524-060303,512.0,1090.0,1.01,0.014,0.019,0
Dreyer2023,TSGP,20260524-062040,378.0,1055.0,1.02,0.013,0.019,0
Dreyer2023,TSGP,20260524-055534,572.0,1098.0,1.01,0.013,0.02,0
Dreyer2023,TSGP,20260524-060638,438.0,937.0,1.02,0.014,0.016,0
Dreyer2023,TSGP,20260524-054821,466.0,754.0,1.01,0.015,0.02,0
Dreyer2023,BSCNN,20260524-103035,3389.0,2274.0,1.01,0.0,0.0,0
Dreyer2023,BSCNN,20260524-093603,4103.0,2202.0,1.01,0.0,0.001,0
Dreyer2023,BSCNN,20260524-101226,3718.0,2364.0,1.01,0.0,0.0,0
Dreyer2023,BSCNN,20260524-091839,3563.0,2187.0,1.0,0.0,0.001,0
Dreyer2023,BSCNN,20260524-095300,4095.0,2172.0,1.01,0.0,0.0,0
Dreyer2023,BSCNN,20260524-082608,4570.0,2218.0,1.01,0.0,0.001,0
Dreyer2023,BSCNN,20260524-080838,4482.0,2182.0,1.01,0.0,0.001,0
Dreyer2023,BSCNN,20260524-090046,3457.0,2296.0,1.01,0.0,0.001,0
Dreyer2023,BSCNN,20260524-084329,3485.0,2096.0,1.01,0.0,0.001,0
Dreyer2023,BSCNN,20260524-104818,4696.0,2208.0,1.01,0.0,0.001,0
Dreyer2023,BDCNN,20260524-122032,4266.0,1837.0,1.01,0.001,0.001,0
Dreyer2023,BDCNN,20260524-121137,5350.0,2071.0,1.01,0.0,0.001,0
Dreyer2023,BDCNN,20260524-131929,3893.0,2374.0,1.01,0.001,0.001,0
Dreyer2023,BDCNN,20260524-130214,4746.0,2382.0,1.01,0.001,0.001,0
Dreyer2023,BDCNN,20260524-122932,3472.0,2257.0,1.0,0.001,0.001,0
Dreyer2023,BDCNN,20260524-120305,6339.0,2078.0,1.01,0.0,0.001,0
Dreyer2023,BDCNN,20260524-125439,3661.0,2370.0,1.01,0.001,0.001,0
Dreyer2023,BDCNN,20260524-124602,5199.0,2012.0,1.01,0.0,0.001,0
Dreyer2023,BDCNN,20260524-123739,4427.0,2323.0,1.01,0.001,0.001,0
Dreyer2023,BDCNN,20260524-131052,6299.0,2195.0,1.01,0.0,0.001,0
Forenzo2023,CSPBLDA,20260524-142144,2262.0,2330.0,1.0,0.001,0.001,0
Forenzo2023,CSPBLDA,20260524-141000,1777.0,1873.0,1.0,0.001,0.001,0
Forenzo2023,CSPBLDA,20260524-142744,1331.0,1991.0,1.0,0.001,0.001,0
Forenzo2023,CSPBLDA,20260524-134548,2130.0,2048.0,1.0,0.001,0.001,0
Forenzo2023,CSPBLDA,20260524-135806,2025.0,2123.0,1.0,0.001,0.001,0
Forenzo2023,CSPBLDA,20260524-133336,2223.0,2039.0,1.0,0.001,0.001,0
Forenzo2023,CSPBLDA,20260524-133945,2015.0,2190.0,1.0,0.001,0.001,0
Forenzo2023,CSPBLDA,20260524-140402,2330.0,2026.0,1.0,0.001,0.001,0
Forenzo2023,CSPBLDA,20260524-135154,2428.0,2512.0,1.0,0.001,0.001,0
Forenzo2023,CSPBLDA,20260524-141551,2131.0,2181.0,1.0,0.001,0.001,0
Forenzo2023,CSPGP,20260524-145631,359.0,952.0,1.01,0.039,0.018,0
Forenzo2023,CSPGP,20260524-143940,341.0,359.0,1.02,0.022,0.021,1
Forenzo2023,CSPGP,20260524-145147,549.0,747.0,1.01,0.022,0.02,2
Forenzo2023,CSPGP,20260524-151336,479.0,1077.0,1.01,0.022,0.018,0
Forenzo2023,CSPGP,20260524-150505,484.0,1059.0,1.01,0.035,0.019,0
Forenzo2023,CSPGP,20260524-151724,1327.0,1614.0,1.01,0.013,0.018,0
Forenzo2023,CSPGP,20260524-150854,912.0,1378.0,1.01,0.017,0.023,0
Forenzo2023,CSPGP,20260524-150117,355.0,591.0,1.01,0.032,0.026,0
Forenzo2023,CSPGP,20260524-144803,423.0,632.0,1.01,0.022,0.022,0
Forenzo2023,CSPGP,20260524-144417,565.0,868.0,1.01,0.02,0.018,0
Forenzo2023,TSBLR,20260524-153536,5091.0,2473.0,1.0,0.001,0.001,0
Forenzo2023,TSBLR,20260524-153408,5718.0,2375.0,1.01,0.001,0.001,0
Forenzo2023,TSBLR,20260524-152815,5464.0,2320.0,1.0,0.001,0.002,0
Forenzo2023,TSBLR,20260524-153957,4658.0,2209.0,1.0,0.001,0.001,0
Forenzo2023,TSBLR,20260524-154124,3674.0,2606.0,1.0,0.001,0.001,0
Forenzo2023,TSBLR,20260524-152944,5907.0,2463.0,1.0,0.001,0.001,0
Forenzo2023,TSBLR,20260524-153240,6285.0,2536.0,1.0,0.001,0.001,0
Forenzo2023,TSBLR,20260524-153703,4336.0,2407.0,1.0,0.001,0.001,0
Forenzo2023,TSBLR,20260524-153831,5632.0,2403.0,1.0,0.001,0.001,0
Forenzo2023,TSBLR,20260524-153113,6189.0,2568.0,1.0,0.001,0.001,0
Forenzo2023,TSGP,20260524-155744,1355.0,2430.0,1.0,0.011,0.017,0
Forenzo2023,TSGP,20260524-161657,1310.0,2024.0,1.0,0.011,0.021,0
Forenzo2023,TSGP,20260524-160847,1572.0,2022.0,1.0,0.01,0.02,0
Forenzo2023,TSGP,20260524-161413,1702.0,2411.0,1.0,0.01,0.019,0
Forenzo2023,TSGP,20260524-161132,1402.0,2095.0,1.0,0.011,0.017,0
Forenzo2023,TSGP,20260524-160028,1332.0,2396.0,1.0,0.012,0.021,0
Forenzo2023,TSGP,20260524-155456,1562.0,2310.0,1.01,0.011,0.021,0
Forenzo2023,TSGP,20260524-160319,1456.0,2225.0,1.01,0.011,0.021,0
Forenzo2023,TSGP,20260524-160604,1504.0,2343.0,1.0,0.01,0.02,0
Forenzo2023,TSGP,20260524-155210,1779.0,2437.0,1.0,0.01,0.019,0
Forenzo2023,BSCNN,20260524-164919,5339.0,2016.0,1.01,0.0,0.001,0
Forenzo2023,BSCNN,20260524-163357,7279.0,1900.0,1.01,0.0,0.001,0
Forenzo2023,BSCNN,20260524-170438,7388.0,1442.0,1.01,0.0,0.001,0
Forenzo2023,BSCNN,20260524-170830,5737.0,1895.0,1.01,0.0,0.001,0
Forenzo2023,BSCNN,20260524-165700,5283.0,1916.0,1.01,0.0,0.001,0
Forenzo2023,BSCNN,20260524-163749,5288.0,1952.0,1.01,0.0,0.001,0
Forenzo2023,BSCNN,20260524-164525,5926.0,1922.0,1.01,0.0,0.001,0
Forenzo2023,BSCNN,20260524-165304,7436.0,1945.0,1.01,0.0,0.001,0
Forenzo2023,BSCNN,20260524-170047,7251.0,1657.0,1.01,0.0,0.001,0
Forenzo2023,BSCNN,20260524-164140,4841.0,2035.0,1.01,0.0,0.001,0
Forenzo2023,BDCNN,20260524-174211,5296.0,2275.0,1.01,0.001,0.001,0
Forenzo2023,BDCNN,20260524-175257,6100.0,2326.0,1.01,0.001,0.002,0
Forenzo2023,BDCNN,20260524-173640,4772.0,2381.0,1.01,0.001,0.001,0
Forenzo2023,BDCNN,20260524-173352,6374.0,2054.0,1.01,0.001,0.002,0
Forenzo2023,BDCNN,20260524-173109,5796.0,2125.0,1.01,0.001,0.001,0
Forenzo2023,BDCNN,20260524-175015,4522.0,2218.0,1.01,0.001,0.002,0
Forenzo2023,BDCNN,20260524-174736,7560.0,2281.0,1.01,0.001,0.002,0
Forenzo2023,BDCNN,20260524-174454,4840.0,2452.0,1.01,0.001,0.001,0
Forenzo2023,BDCNN,20260524-173926,6053.0,2318.0,1.0,0.001,0.002,0
Forenzo2023,BDCNN,20260524-172824,5005.0,2364.0,1.01,0.001,0.001,0
GrosseWentrup2009,CSPBLDA,20260524-183639,1270.0,2233.0,1.0,0.001,0.001,0
GrosseWentrup2009,CSPBLDA,20260524-180400,1424.0,2128.0,1.0,0.002,0.001,0
GrosseWentrup2009,CSPBLDA,20260524-175921,1679.0,2307.0,1.0,0.001,0.001,0
GrosseWentrup2009,CSPBLDA,20260524-184119,1462.0,1976.0,1.0,0.002,0.001,0
GrosseWentrup2009,CSPBLDA,20260524-181809,2363.0,2505.0,1.01,0.001,0.001,0
GrosseWentrup2009,CSPBLDA,20260524-180844,1853.0,2372.0,1.0,0.001,0.001,0
GrosseWentrup2009,CSPBLDA,20260524-181322,1675.0,2175.0,1.0,0.001,0.001,0
GrosseWentrup2009,CSPBLDA,20260524-183152,1981.0,2641.0,1.0,0.001,0.001,0
GrosseWentrup2009,CSPBLDA,20260524-182241,2391.0,2507.0,1.0,0.001,0.001,0
GrosseWentrup2009,CSPBLDA,20260524-182717,1870.0,2142.0,1.0,0.001,0.001,0
GrosseWentrup2009,CSPGP,20260524-190939,1533.0,2298.0,1.0,0.01,0.017,0
GrosseWentrup2009,CSPGP,20260524-184944,936.0,1553.0,1.0,0.013,0.014,0
GrosseWentrup2009,CSPGP,20260524-192447,1286.0,1742.0,1.0,0.013,0.016,0
GrosseWentrup2009,CSPGP,20260524-190436,1328.0,2266.0,1.0,0.011,0.017,0
GrosseWentrup2009,CSPGP,20260524-191945,1598.0,2438.0,1.0,0.011,0.017,0
GrosseWentrup2009,CSPGP,20260524-185941,1586.0,1930.0,1.01,0.011,0.017,0
GrosseWentrup2009,CSPGP,20260524-193026,902.0,1747.0,1.01,0.014,0.016,0
GrosseWentrup2009,CSPGP,20260524-191436,939.0,1898.0,1.0,0.013,0.015,0
GrosseWentrup2009,CSPGP,20260524-193516,1536.0,2252.0,1.0,0.013,0.015,0
GrosseWentrup2009,CSPGP,20260524-185427,1065.0,1794.0,1.0,0.014,0.016,0
GrosseWentrup2009,TSBLR,20260524-195630,7131.0,1924.0,1.01,0.0,0.001,0
GrosseWentrup2009,TSBLR,20260524-194752,8162.0,2221.0,1.01,0.0,0.001,0
GrosseWentrup2009,TSBLR,20260524-195757,7395.0,2071.0,1.01,0.0,0.001,0
GrosseWentrup2009,TSBLR,20260524-194501,7606.0,2041.0,1.01,0.0,0.001,0
GrosseWentrup2009,TSBLR,20260524-194626,7900.0,1847.0,1.01,0.0,0.001,0
GrosseWentrup2009,TSBLR,20260524-194918,8142.0,2083.0,1.01,0.0,0.001,0
GrosseWentrup2009,TSBLR,20260524-195336,8202.0,2031.0,1.01,0.0,0.001,0
GrosseWentrup2009,TSBLR,20260524-195210,7876.0,1749.0,1.01,0.0,0.001,0
GrosseWentrup2009,TSBLR,20260524-195502,7853.0,2250.0,1.01,0.0,0.001,0
GrosseWentrup2009,TSBLR,20260524-195045,7727.0,2165.0,1.01,0.0,0.001,0
GrosseWentrup2009,TSGP,20260524-202136,848.0,1424.0,1.01,0.013,0.017,0
GrosseWentrup2009,TSGP,20260524-203151,1033.0,1978.0,1.0,0.012,0.017,0
GrosseWentrup2009,TSGP,20260524-203424,1455.0,2245.0,1.0,0.01,0.021,0
GrosseWentrup2009,TSGP,20260524-201903,943.0,1716.0,1.0,0.012,0.016,0
GrosseWentrup2009,TSGP,20260524-202917,1349.0,2299.0,1.0,0.011,0.019,0
GrosseWentrup2009,TSGP,20260524-203650,1045.0,2001.0,1.0,0.012,0.019,0
GrosseWentrup2009,TSGP,20260524-201634,1392.0,1928.0,1.0,0.01,0.02,0
GrosseWentrup2009,TSGP,20260524-203923,1224.0,1933.0,1.01,0.011,0.021,0
GrosseWentrup2009,TSGP,20260524-202646,1039.0,1759.0,1.0,0.012,0.018,0
GrosseWentrup2009,TSGP,20260524-202409,1006.0,1795.0,1.0,0.012,0.017,0
GrosseWentrup2009,BSCNN,20260524-211952,4411.0,2071.0,1.01,0.001,0.001,0
GrosseWentrup2009,BSCNN,20260524-210643,4225.0,2114.0,1.01,0.001,0.001,0
GrosseWentrup2009,BSCNN,20260524-213754,4496.0,2068.0,1.01,0.001,0.001,0
GrosseWentrup2009,BSCNN,20260524-211519,4196.0,2156.0,1.01,0.001,0.001,0
GrosseWentrup2009,BSCNN,20260524-210210,3922.0,2093.0,1.01,0.001,0.001,0
GrosseWentrup2009,BSCNN,20260524-212423,4887.0,2093.0,1.01,0.0,0.001,0
GrosseWentrup2009,BSCNN,20260524-205738,4684.0,2057.0,1.01,0.001,0.001,0
GrosseWentrup2009,BSCNN,20260524-211052,4156.0,2171.0,1.01,0.001,0.001,0
GrosseWentrup2009,BSCNN,20260524-213324,4039.0,2152.0,1.01,0.001,0.001,0
GrosseWentrup2009,BSCNN,20260524-212852,4733.0,1932.0,1.01,0.0,0.001,0
GrosseWentrup2009,BDCNN,20260524-215824,4345.0,2209.0,1.01,0.001,0.001,0
GrosseWentrup2009,BDCNN,20260524-221935,4014.0,2129.0,1.01,0.001,0.001,0
GrosseWentrup2009,BDCNN,20260524-220120,6868.0,1988.0,1.01,0.001,0.001,0
GrosseWentrup2009,BDCNN,20260524-221323,4086.0,2224.0,1.01,0.001,0.001,0
GrosseWentrup2009,BDCNN,20260524-222231,7188.0,2064.0,1.01,0.001,0.001,0
GrosseWentrup2009,BDCNN,20260524-220716,5201.0,1962.0,1.01,0.001,0.001,0
GrosseWentrup2009,BDCNN,20260524-221028,3764.0,2131.0,1.01,0.001,0.001,0
GrosseWentrup2009,BDCNN,20260524-220416,5322.0,2157.0,1.01,0.001,0.001,0
GrosseWentrup2009,BDCNN,20260524-215527,6829.0,2023.0,1.01,0.001,0.001,0
GrosseWentrup2009,BDCNN,20260524-221622,4409.0,2132.0,1.01,0.001,0.001,0
GuttmannFlury2025_MI,CSPBLDA,20260524-231309,4071.0,2553.0,1.0,0.001,0.001,0
GuttmannFlury2025_MI,CSPBLDA,20260524-230841,3528.0,2696.0,1.0,0.001,0.001,0
GuttmannFlury2025_MI,CSPBLDA,20260524-223323,3192.0,2563.0,1.01,0.001,0.001,0
GuttmannFlury2025_MI,CSPBLDA,20260524-225057,3048.0,2322.0,1.01,0.001,0.001,0
GuttmannFlury2025_MI,CSPBLDA,20260524-224631,3078.0,2642.0,1.01,0.001,0.001,0
GuttmannFlury2025_MI,CSPBLDA,20260524-230414,2566.0,2412.0,1.01,0.001,0.001,0
GuttmannFlury2025_MI,CSPBLDA,20260524-224208,3432.0,2422.0,1.0,0.001,0.001,0
GuttmannFlury2025_MI,CSPBLDA,20260524-225947,3655.0,2371.0,1.01,0.001,0.001,0
GuttmannFlury2025_MI,CSPBLDA,20260524-223747,3559.0,2453.0,1.0,0.001,0.001,0
GuttmannFlury2025_MI,CSPBLDA,20260524-225522,3275.0,2697.0,1.01,0.001,0.001,0
GuttmannFlury2025_MI,CSPGP,20260524-234820,1543.0,1905.0,1.0,0.014,0.021,0
GuttmannFlury2025_MI,CSPGP,20260524-235614,2349.0,2103.0,1.01,0.014,0.022,0
GuttmannFlury2025_MI,CSPGP,20260524-233856,1868.0,1759.0,1.01,0.014,0.021,0
GuttmannFlury2025_MI,CSPGP,20260524-232854,1873.0,2105.0,1.01,0.013,0.023,0
GuttmannFlury2025_MI,CSPGP,20260524-234524,1901.0,1364.0,1.0,0.014,0.021,0
GuttmannFlury2025_MI,CSPGP,20260524-234202,1321.0,1773.0,1.01,0.014,0.02,0
GuttmannFlury2025_MI,CSPGP,20260524-235129,1003.0,1627.0,1.0,0.022,0.019,0
GuttmannFlury2025_MI,CSPGP,20260524-233533,1607.0,2174.0,1.01,0.014,0.021,0
GuttmannFlury2025_MI,CSPGP,20260524-232537,1654.0,2365.0,1.01,0.014,0.023,0
GuttmannFlury2025_MI,CSPGP,20260524-233213,1874.0,1907.0,1.01,0.014,0.022,0
GuttmannFlury2025_MI,TSBLR,20260525-001122,7359.0,2145.0,1.0,0.001,0.001,0
GuttmannFlury2025_MI,TSBLR,20260525-000936,5809.0,2360.0,1.01,0.001,0.001,0
GuttmannFlury2025_MI,TSBLR,20260525-001306,7822.0,2166.0,1.0,0.001,0.001,0
GuttmannFlury2025_MI,TSBLR,20260525-002340,8071.0,2222.0,1.0,0.001,0.001,0
GuttmannFlury2025_MI,TSBLR,20260525-002009,7478.0,2179.0,1.01,0.001,0.001,0
GuttmannFlury2025_MI,TSBLR,20260525-001823,7625.0,2176.0,1.01,0.001,0.001,0
GuttmannFlury2025_MI,TSBLR,20260525-000751,7608.0,2180.0,1.0,0.001,0.001,0
GuttmannFlury2025_MI,TSBLR,20260525-001638,6762.0,2476.0,1.01,0.001,0.001,0
GuttmannFlury2025_MI,TSBLR,20260525-001453,7654.0,2222.0,1.01,0.001,0.001,0
GuttmannFlury2025_MI,TSBLR,20260525-002155,8192.0,2288.0,1.01,0.001,0.001,0
GuttmannFlury2025_MI,TSGP,20260525-010000,2462.0,1435.0,1.01,0.014,0.021,0
GuttmannFlury2025_MI,TSGP,20260525-004919,2142.0,1862.0,1.01,0.014,0.021,0
GuttmannFlury2025_MI,TSGP,20260525-005718,2309.0,2006.0,1.01,0.013,0.022,0
GuttmannFlury2025_MI,TSGP,20260525-003818,2457.0,1552.0,1.01,0.014,0.02,0
GuttmannFlury2025_MI,TSGP,20260525-004058,2703.0,2181.0,1.01,0.016,0.02,0
GuttmannFlury2025_MI,TSGP,20260525-005158,2755.0,2189.0,1.0,0.015,0.021,0
GuttmannFlury2025_MI,TSGP,20260525-005439,2006.0,1704.0,1.01,0.015,0.022,0
GuttmannFlury2025_MI,TSGP,20260525-004337,2116.0,1880.0,1.01,0.015,0.019,0
GuttmannFlury2025_MI,TSGP,20260525-004645,2820.0,2103.0,1.01,0.013,0.022,0
GuttmannFlury2025_MI,TSGP,20260525-003540,2151.0,1774.0,1.0,0.014,0.02,0
GuttmannFlury2025_MI,BSCNN,20260525-013252,5736.0,2062.0,1.01,0.001,0.001,0
GuttmannFlury2025_MI,BSCNN,20260525-012129,5876.0,1871.0,1.01,0.001,0.001,0
GuttmannFlury2025_MI,BSCNN,20260525-011738,5635.0,2101.0,1.01,0.001,0.001,0
GuttmannFlury2025_MI,BSCNN,20260525-015147,5607.0,1893.0,1.01,0.001,0.001,0
GuttmannFlury2025_MI,BSCNN,20260525-014415,5475.0,2101.0,1.01,0.001,0.001,0
GuttmannFlury2025_MI,BSCNN,20260525-012905,5618.0,1872.0,1.01,0.001,0.001,0
GuttmannFlury2025_MI,BSCNN,20260525-014802,5297.0,1981.0,1.01,0.001,0.001,0
GuttmannFlury2025_MI,BSCNN,20260525-012513,5283.0,2204.0,1.01,0.001,0.001,0
GuttmannFlury2025_MI,BSCNN,20260525-014028,5289.0,2122.0,1.01,0.001,0.001,0
GuttmannFlury2025_MI,BSCNN,20260525-013641,5969.0,2163.0,1.01,0.001,0.001,0
GuttmannFlury2025_MI,BDCNN,20260525-022626,7185.0,2038.0,1.01,0.001,0.002,0
GuttmannFlury2025_MI,BDCNN,20260525-021325,7476.0,2208.0,1.01,0.001,0.002,0
GuttmannFlury2025_MI,BDCNN,20260525-023410,6297.0,2107.0,1.01,0.001,0.002,0
GuttmannFlury2025_MI,BDCNN,20260525-022354,5209.0,2131.0,1.01,0.001,0.001,0
GuttmannFlury2025_MI,BDCNN,20260525-021604,7374.0,2278.0,1.01,0.001,0.002,0
GuttmannFlury2025_MI,BDCNN,20260525-021841,6268.0,2200.0,1.01,0.001,0.002,0
GuttmannFlury2025_MI,BDCNN,20260525-022902,4085.0,2511.0,1.01,0.001,0.001,0
GuttmannFlury2025_MI,BDCNN,20260525-021049,6217.0,2116.0,1.01,0.001,0.001,0
GuttmannFlury2025_MI,BDCNN,20260525-022116,3913.0,2344.0,1.01,0.001,0.001,0
GuttmannFlury2025_MI,BDCNN,20260525-023135,3912.0,2460.0,1.01,0.001,0.001,0
HefmiIch2025,CSPBLDA,20260525-033437,2024.0,2426.0,1.0,0.001,0.001,0
HefmiIch2025,CSPBLDA,20260525-032347,2700.0,2589.0,1.0,0.001,0.001,0
HefmiIch2025,CSPBLDA,20260525-031810,1758.0,2236.0,1.0,0.001,0.001,0
HefmiIch2025,CSPBLDA,20260525-032915,1621.0,2099.0,1.0,0.002,0.001,0
HefmiIch2025,CSPBLDA,20260525-030704,2034.0,2509.0,1.0,0.001,0.001,0
HefmiIch2025,CSPBLDA,20260525-024919,1650.0,2236.0,1.0,0.002,0.001,0
HefmiIch2025,CSPBLDA,20260525-025516,1860.0,2306.0,1.0,0.002,0.001,0
HefmiIch2025,CSPBLDA,20260525-030113,1758.0,2644.0,1.0,0.001,0.001,0
HefmiIch2025,CSPBLDA,20260525-031242,2569.0,2522.0,1.0,0.001,0.001,0
HefmiIch2025,CSPBLDA,20260525-033957,1850.0,2290.0,1.0,0.001,0.001,0
HefmiIch2025,CSPGP,20260525-043007,1279.0,1359.0,1.01,0.016,0.019,0
HefmiIch2025,CSPGP,20260525-042649,1579.0,1601.0,1.01,0.014,0.02,0
HefmiIch2025,CSPGP,20260525-041433,1703.0,2036.0,1.01,0.014,0.022,0
HefmiIch2025,CSPGP,20260525-040603,1175.0,2025.0,1.01,0.018,0.029,2
HefmiIch2025,CSPGP,20260525-041834,1602.0,1899.0,1.01,0.014,0.024,0
HefmiIch2025,CSPGP,20260525-042233,642.0,1351.0,1.01,0.029,0.021,0
HefmiIch2025,CSPGP,20260525-040150,1797.0,2094.0,1.0,0.014,0.02,0
HefmiIch2025,CSPGP,20260525-041028,907.0,2070.0,1.01,0.016,0.021,0
HefmiIch2025,CSPGP,20260525-043330,2194.0,1822.0,1.0,0.015,0.024,0
HefmiIch2025,CSPGP,20260525-035751,1208.0,1791.0,1.0,0.018,0.02,0
HefmiIch2025,TSBLR,20260525-044926,4696.0,2469.0,1.0,0.001,0.002,0
HefmiIch2025,TSBLR,20260525-050522,4572.0,2512.0,1.0,0.001,0.002,0
HefmiIch2025,TSBLR,20260525-045644,5035.0,2627.0,1.0,0.001,0.002,0
HefmiIch2025,TSBLR,20260525-045418,5316.0,2668.0,1.0,0.001,0.002,0
HefmiIch2025,TSBLR,20260525-045854,4839.0,2577.0,1.01,0.001,0.002,0
HefmiIch2025,TSBLR,20260525-050102,4908.0,2697.0,1.0,0.001,0.002,0
HefmiIch2025,TSBLR,20260525-050714,5122.0,2563.0,1.01,0.001,0.002,0
HefmiIch2025,TSBLR,20260525-050907,5220.0,2540.0,1.0,0.001,0.002,0
HefmiIch2025,TSBLR,20260525-050311,5495.0,2689.0,1.0,0.001,0.002,0
HefmiIch2025,TSBLR,20260525-045153,4757.0,2567.0,1.01,0.001,0.002,0
HefmiIch2025,TSGP,20260525-053250,180.0,552.0,1.02,0.068,0.022,0
HefmiIch2025,TSGP,20260525-055854,1052.0,933.0,1.01,0.014,0.022,0
HefmiIch2025,TSGP,20260525-052803,160.0,565.0,1.02,0.071,0.032,0
HefmiIch2025,TSGP,20260525-054728,188.0,497.0,1.01,0.057,0.024,0
HefmiIch2025,TSGP,20260525-052344,182.0,777.0,1.02,0.046,0.024,0
HefmiIch2025,TSGP,20260525-054049,1360.0,1593.0,1.01,0.014,0.022,0
HefmiIch2025,TSGP,20260525-055147,341.0,404.0,1.01,0.042,0.022,0
HefmiIch2025,TSGP,20260525-055539,770.0,678.0,1.01,0.018,0.02,0
HefmiIch2025,TSGP,20260525-053729,567.0,253.0,1.0,0.023,0.022,0
HefmiIch2025,TSGP,20260525-054407,1526.0,1723.0,1.01,0.013,0.022,0
HefmiIch2025,BSCNN,20260525-070245,7831.0,1759.0,1.01,0.0,0.001,0
HefmiIch2025,BSCNN,20260525-071216,7863.0,1925.0,1.01,0.0,0.001,0
HefmiIch2025,BSCNN,20260525-065311,7640.0,1906.0,1.01,0.0,0.001,0
HefmiIch2025,BSCNN,20260525-063201,7446.0,1850.0,1.01,0.0,0.001,0
HefmiIch2025,BSCNN,20260525-064234,7613.0,1981.0,1.01,0.0,0.001,0
HefmiIch2025,BSCNN,20260525-073125,7780.0,1763.0,1.01,0.0,0.001,0
HefmiIch2025,BSCNN,20260525-072151,7702.0,1869.0,1.01,0.0,0.001,0
HefmiIch2025,BSCNN,20260525-062129,7518.0,1819.0,1.01,0.0,0.001,0
HefmiIch2025,BSCNN,20260525-073951,7693.0,2013.0,1.01,0.0,0.001,0
HefmiIch2025,BSCNN,20260525-074831,8015.0,1923.0,1.01,0.0,0.001,0
HefmiIch2025,BDCNN,20260525-092358,4585.0,2129.0,1.01,0.0,0.001,0
HefmiIch2025,BDCNN,20260525-082546,5113.0,1986.0,1.01,0.0,0.001,0
HefmiIch2025,BDCNN,20260525-091041,6975.0,1918.0,1.01,0.0,0.001,0
HefmiIch2025,BDCNN,20260525-085611,6011.0,1793.0,1.01,0.0,0.001,0
HefmiIch2025,BDCNN,20260525-091705,6702.0,1946.0,1.01,0.0,0.001,0
HefmiIch2025,BDCNN,20260525-081800,5931.0,1789.0,1.01,0.0,0.001,0
HefmiIch2025,BDCNN,20260525-090320,5776.0,2071.0,1.01,0.0,0.001,0
HefmiIch2025,BDCNN,20260525-083337,6706.0,1876.0,1.01,0.0,0.001,0
HefmiIch2025,BDCNN,20260525-084903,5121.0,1921.0,1.01,0.0,0.001,0
HefmiIch2025,BDCNN,20260525-084152,5066.0,1803.0,1.01,0.0,0.001,0
Kumar2024,CSPBLDA,20260525-111343,3017.0,2480.0,1.01,0.001,0.0,0
Kumar2024,CSPBLDA,20260525-094506,3399.0,2580.0,1.0,0.0,0.0,0
Kumar2024,CSPBLDA,20260525-101517,3553.0,2600.0,1.0,0.0,0.0,0
Kumar2024,CSPBLDA,20260525-110400,2986.0,2474.0,1.0,0.001,0.0,0
Kumar2024,CSPBLDA,20260525-103452,3943.0,2645.0,1.0,0.0,0.0,0
Kumar2024,CSPBLDA,20260525-100456,3652.0,2546.0,1.01,0.0,0.0,0
Kumar2024,CSPBLDA,20260525-104436,3367.0,2687.0,1.01,0.0,0.0,0
Kumar2024,CSPBLDA,20260525-095448,3238.0,2242.0,1.01,0.0,0.0,0
Kumar2024,CSPBLDA,20260525-102506,3537.0,2534.0,1.0,0.0,0.0,0
Kumar2024,CSPBLDA,20260525-105418,3380.0,2670.0,1.0,0.0,0.0,0
Kumar2024,CSPGP,20260525-120602,1322.0,1965.0,1.01,0.014,0.02,0
Kumar2024,CSPGP,20260525-115215,1265.0,1865.0,1.0,0.013,0.019,0
Kumar2024,CSPGP,20260525-121321,1226.0,2225.0,1.01,0.014,0.024,0
Kumar2024,CSPGP,20260525-122037,573.0,911.0,1.0,0.021,0.019,0
Kumar2024,CSPGP,20260525-123412,788.0,1328.0,1.0,0.015,0.023,0
Kumar2024,CSPGP,20260525-122720,1087.0,1876.0,1.0,0.014,0.019,0
Kumar2024,CSPGP,20260525-114629,633.0,764.0,1.01,0.019,0.017,0
Kumar2024,CSPGP,20260525-115922,1154.0,1941.0,1.01,0.013,0.018,0
Kumar2024,CSPGP,20260525-113918,1059.0,1758.0,1.01,0.014,0.019,0
Kumar2024,CSPGP,20260525-124139,1168.0,1901.0,1.0,0.014,0.02,0
Kumar2024,TSBLR,20260525-130807,4180.0,2663.0,1.0,0.001,0.001,0
Kumar2024,TSBLR,20260525-131726,4166.0,2643.0,1.0,0.001,0.001,0
Kumar2024,TSBLR,20260525-132426,3776.0,2636.0,1.0,0.001,0.001,0
Kumar2024,TSBLR,20260525-130547,4055.0,2626.0,1.0,0.001,0.001,0
Kumar2024,TSBLR,20260525-131026,4164.0,2702.0,1.0,0.001,0.001,0
Kumar2024,TSBLR,20260525-131246,3897.0,2524.0,1.0,0.001,0.001,0
Kumar2024,TSBLR,20260525-131506,4063.0,2698.0,1.0,0.001,0.001,0
Kumar2024,TSBLR,20260525-131947,4039.0,2776.0,1.0,0.001,0.001,0
Kumar2024,TSBLR,20260525-132207,4007.0,2616.0,1.0,0.001,0.001,0
Kumar2024,TSBLR,20260525-130327,4552.0,2572.0,1.0,0.001,0.001,0
Kumar2024,TSGP,20260525-141102,877.0,1647.0,1.01,0.012,0.021,0
Kumar2024,TSGP,20260525-140156,983.0,1851.0,1.01,0.011,0.021,0
Kumar2024,TSGP,20260525-141533,735.0,1327.0,1.01,0.014,0.021,0
Kumar2024,TSGP,20260525-135724,985.0,1524.0,1.01,0.012,0.022,0
Kumar2024,TSGP,20260525-142445,1161.0,2029.0,1.0,0.012,0.021,0
Kumar2024,TSGP,20260525-140628,1118.0,1682.0,1.0,0.012,0.022,0
Kumar2024,TSGP,20260525-135332,1088.0,2001.0,1.0,0.012,0.022,0
Kumar2024,TSGP,20260525-134938,886.0,1542.0,1.0,0.013,0.021,0
Kumar2024,TSGP,20260525-134506,878.0,1555.0,1.01,0.011,0.025,0
Kumar2024,TSGP,20260525-142012,908.0,1572.0,1.01,0.011,0.022,0
Kumar2024,BSCNN,20260525-160734,3956.0,2194.0,1.01,0.0,0.001,0
Kumar2024,BSCNN,20260525-145954,5055.0,1966.0,1.01,0.0,0.001,0
Kumar2024,BSCNN,20260525-151457,6352.0,2031.0,1.01,0.0,0.001,0
Kumar2024,BSCNN,20260525-153016,4726.0,2100.0,1.01,0.0,0.001,0
Kumar2024,BSCNN,20260525-155241,5848.0,1954.0,1.01,0.0,0.001,0
Kumar2024,BSCNN,20260525-150721,4489.0,2007.0,1.01,0.0,0.001,0
Kumar2024,BSCNN,20260525-152239,5477.0,1932.0,1.01,0.0,0.001,0
Kumar2024,BSCNN,20260525-153746,4871.0,2067.0,1.01,0.0,0.001,0
Kumar2024,BSCNN,20260525-154513,8086.0,2002.0,1.01,0.0,0.001,0
Kumar2024,BSCNN,20260525-160013,3840.0,2243.0,1.01,0.0,0.001,0
Kumar2024,BDCNN,20260525-173912,4479.0,2348.0,1.01,0.001,0.001,0
Kumar2024,BDCNN,20260525-164935,7141.0,2084.0,1.01,0.0,0.001,0
Kumar2024,BDCNN,20260525-171150,5956.0,2245.0,1.01,0.001,0.001,0
Kumar2024,BDCNN,20260525-165508,4184.0,2426.0,1.01,0.001,0.001,0
Kumar2024,BDCNN,20260525-172240,6719.0,1870.0,1.01,0.0,0.001,0
Kumar2024,BDCNN,20260525-173341,7846.0,1964.0,1.01,0.0,0.001,0
Kumar2024,BDCNN,20260525-170043,4291.0,2179.0,1.01,0.001,0.001,0
Kumar2024,BDCNN,20260525-171711,5217.0,2219.0,1.01,0.001,0.001,0
Kumar2024,BDCNN,20260525-170618,4975.0,2025.0,1.01,0.001,0.001,0
Kumar2024,BDCNN,20260525-172810,6107.0,2134.0,1.01,0.001,0.001,0
Lee2019_MI,CSPBLDA,20260526-210931,3211.0,2539.0,1.0,0.0,0.0,0
Lee2019_MI,CSPBLDA,20260526-194037,2360.0,2724.0,1.0,0.001,0.0,0
Lee2019_MI,CSPBLDA,20260526-205507,3201.0,2594.0,1.0,0.0,0.0,0
Lee2019_MI,CSPBLDA,20260526-200936,2115.0,2376.0,1.0,0.001,0.0,0
Lee2019_MI,CSPBLDA,20260526-195443,2943.0,2524.0,1.0,0.0,0.0,0
Lee2019_MI,CSPBLDA,20260526-202417,3337.0,2625.0,1.0,0.0,0.0,0
Lee2019_MI,CSPBLDA,20260526-191235,3119.0,2769.0,1.0,0.0,0.0,0
Lee2019_MI,CSPBLDA,20260526-203911,3056.0,2570.0,1.0,0.0,0.0,0
Lee2019_MI,CSPBLDA,20260526-185801,2740.0,2525.0,1.0,0.0,0.0,0
Lee2019_MI,CSPBLDA,20260526-192637,2927.0,2367.0,1.0,0.0,0.0,0
Lee2019_MI,CSPGP,20260527-000149,1541.0,2045.0,1.0,0.013,0.015,0
Lee2019_MI,CSPGP,20260526-224942,896.0,1338.0,1.01,0.013,0.012,0
Lee2019_MI,CSPGP,20260526-213404,636.0,1444.0,1.01,0.016,0.014,0
Lee2019_MI,CSPGP,20260526-233842,887.0,1862.0,1.0,0.011,0.012,0
Lee2019_MI,CSPGP,20260526-215845,1130.0,1223.0,1.0,0.013,0.015,0
Lee2019_MI,CSPGP,20260526-231213,845.0,1296.0,1.0,0.016,0.017,0
Lee2019_MI,CSPGP,20260526-222445,1467.0,2327.0,1.0,0.011,0.015,0
Lee2019_MI,CSPGP,20260527-002844,660.0,1322.0,1.0,0.017,0.014,0
Lee2019_MI,CSPGP,20260527-012205,881.0,1411.0,1.0,0.013,0.013,0
Lee2019_MI,CSPGP,20260527-005607,1190.0,1726.0,1.0,0.013,0.015,0
Lee2019_MI,TSBLR,20260527-023348,6588.0,2488.0,1.0,0.001,0.001,0
Lee2019_MI,TSBLR,20260527-020235,6219.0,2454.0,1.0,0.001,0.001,0
Lee2019_MI,TSBLR,20260527-021135,6581.0,2501.0,1.01,0.001,0.001,0
Lee2019_MI,TSBLR,20260527-022933,6572.0,2257.0,1.0,0.001,0.001,0
Lee2019_MI,TSBLR,20260527-021607,6382.0,2496.0,1.0,0.001,0.001,0
Lee2019_MI,TSBLR,20260527-022037,6548.0,2418.0,1.0,0.001,0.001,0
Lee2019_MI,TSBLR,20260527-020703,6211.0,2353.0,1.0,0.001,0.001,0
Lee2019_MI,TSBLR,20260527-015803,6032.0,2314.0,1.01,0.001,0.001,0
Lee2019_MI,TSBLR,20260527-023803,6649.0,2189.0,1.0,0.001,0.001,0
Lee2019_MI,TSBLR,20260527-022505,6436.0,2329.0,1.0,0.001,0.001,0
Lee2019_MI,TSGP,20260527-041354,586.0,1249.0,1.0,0.015,0.021,0
Lee2019_MI,TSGP,20260527-034209,607.0,1648.0,1.0,0.016,0.022,0
Lee2019_MI,TSGP,20260527-035007,579.0,1232.0,1.0,0.015,0.021,0
Lee2019_MI,TSGP,20260527-032539,978.0,1453.0,1.0,0.014,0.019,0
Lee2019_MI,TSGP,20260527-035805,557.0,1072.0,1.0,0.016,0.019,0
Lee2019_MI,TSGP,20260527-042203,605.0,1404.0,1.0,0.015,0.021,0
Lee2019_MI,TSGP,20260527-043010,771.0,1503.0,1.0,0.018,0.021,0
Lee2019_MI,TSGP,20260527-033337,913.0,994.0,1.0,0.013,0.02,0
Lee2019_MI,TSGP,20260527-031713,707.0,1473.0,1.01,0.014,0.021,0
Lee2019_MI,TSGP,20260527-040603,672.0,1200.0,1.0,0.016,0.018,0
Lee2019_MI,BSCNN,20260527-064439,4361.0,1997.0,1.01,0.0,0.001,0
Lee2019_MI,BSCNN,20260527-055909,4233.0,1835.0,1.01,0.0,0.001,0
Lee2019_MI,BSCNN,20260527-052904,3619.0,2234.0,1.01,0.0,0.001,0
Lee2019_MI,BSCNN,20260527-073038,4016.0,2235.0,1.01,0.0,0.001,0
Lee2019_MI,BSCNN,20260527-071528,4123.0,2229.0,1.01,0.0,0.001,0
Lee2019_MI,BSCNN,20260527-070006,4147.0,2115.0,1.01,0.0,0.001,0
Lee2019_MI,BSCNN,20260527-062905,3932.0,2175.0,1.01,0.0,0.001,0
Lee2019_MI,BSCNN,20260527-061339,4175.0,2317.0,1.01,0.0,0.001,0
Lee2019_MI,BSCNN,20260527-051357,4471.0,2249.0,1.01,0.0,0.001,0
Lee2019_MI,BSCNN,20260527-054406,3660.0,2122.0,1.0,0.0,0.001,0
Lee2019_MI,BDCNN,20260527-084303,4039.0,2466.0,1.01,0.001,0.001,0
Lee2019_MI,BDCNN,20260527-085157,3639.0,2412.0,1.0,0.001,0.001,0
Lee2019_MI,BDCNN,20260527-091633,6381.0,2292.0,1.01,0.001,0.001,0
Lee2019_MI,BDCNN,20260527-090029,5250.0,2120.0,1.01,0.001,0.001,0
Lee2019_MI,BDCNN,20260527-094038,6899.0,2276.0,1.01,0.001,0.002,0
Lee2019_MI,BDCNN,20260527-093231,4311.0,2567.0,1.0,0.001,0.001,0
Lee2019_MI,BDCNN,20260527-092445,4509.0,2282.0,1.01,0.001,0.001,0
Lee2019_MI,BDCNN,20260527-083500,5328.0,2399.0,1.01,0.001,0.001,0
Lee2019_MI,BDCNN,20260527-090829,4834.0,2421.0,1.01,0.001,0.001,0
Lee2019_MI,BDCNN,20260527-082657,4770.0,2020.0,1.0,0.001,0.001,0
Liu2024,CSPBLDA,20260527-095532,1603.0,2408.0,1.0,0.002,0.001,0
Liu2024,CSPBLDA,20260527-100800,1702.0,2394.0,1.0,0.002,0.001,0
Liu2024,CSPBLDA,20260527-102030,1576.0,2289.0,1.0,0.002,0.001,0
Liu2024,CSPBLDA,20260527-101414,1672.0,2301.0,1.0,0.002,0.001,0
Liu2024,CSPBLDA,20260527-104514,1627.0,2133.0,1.0,0.002,0.001,0
Liu2024,CSPBLDA,20260527-103304,1533.0,2282.0,1.0,0.002,0.001,0
Liu2024,CSPBLDA,20260527-105130,1716.0,2481.0,1.0,0.002,0.001,0
Liu2024,CSPBLDA,20260527-102644,1663.0,2445.0,1.0,0.002,0.001,0
Liu2024,CSPBLDA,20260527-103914,1975.0,2531.0,1.0,0.001,0.001,0
Liu2024,CSPBLDA,20260527-100146,1895.0,2322.0,1.0,0.002,0.001,0
Liu2024,CSPGP,20260527-121632,569.0,980.0,1.01,0.023,0.02,0
Liu2024,CSPGP,20260527-110258,361.0,628.0,1.01,0.027,0.023,0
Liu2024,CSPGP,20260527-122528,1227.0,1509.0,1.01,0.014,0.022,0
Liu2024,CSPGP,20260527-115727,392.0,1159.0,1.01,0.035,0.023,0
Liu2024,CSPGP,20260527-114057,889.0,1590.0,1.01,0.022,0.022,0
Liu2024,CSPGP,20260527-120759,704.0,1005.0,1.01,0.024,0.024,0
Liu2024,CSPGP,20260527-111200,497.0,1399.0,1.01,0.028,0.022,0
Liu2024,CSPGP,20260527-112059,503.0,1180.0,1.01,0.027,0.022,0
Liu2024,CSPGP,20260527-113030,567.0,1484.0,1.01,0.028,0.021,0
Liu2024,CSPGP,20260527-114928,1299.0,1822.0,1.0,0.015,0.025,1
Liu2024,TSBLR,20260527-125114,3895.0,2689.0,1.0,0.002,0.002,0
Liu2024,TSBLR,20260527-123900,3972.0,2713.0,1.0,0.002,0.002,0
Liu2024,TSBLR,20260527-124317,3811.0,2589.0,1.0,0.002,0.002,0
Liu2024,TSBLR,20260527-125515,4050.0,2749.0,1.0,0.002,0.002,0
Liu2024,TSBLR,20260527-124514,3950.0,2803.0,1.0,0.002,0.002,0
Liu2024,TSBLR,20260527-124914,3795.0,2752.0,1.0,0.002,0.002,0
Liu2024,TSBLR,20260527-124715,4240.0,2704.0,1.0,0.002,0.002,0
Liu2024,TSBLR,20260527-125715,4069.0,2814.0,1.0,0.002,0.002,0
Liu2024,TSBLR,20260527-124114,3886.0,2721.0,1.0,0.002,0.002,0
Liu2024,TSBLR,20260527-125315,4587.0,2729.0,1.0,0.001,0.002,0
Liu2024,TSGP,20260527-132903,1030.0,1839.0,1.01,0.016,0.023,0
Liu2024,TSGP,20260527-140131,921.0,1663.0,1.01,0.017,0.021,0
Liu2024,TSGP,20260527-130430,1635.0,1274.0,1.01,0.014,0.02,0
Liu2024,TSGP,20260527-132258,1517.0,2298.0,1.01,0.013,0.022,0
Liu2024,TSGP,20260527-134838,1007.0,1818.0,1.01,0.015,0.022,0
Liu2024,TSGP,20260527-131631,985.0,1608.0,1.01,0.016,0.021,0
Liu2024,TSGP,20260527-135501,946.0,1994.0,1.01,0.015,0.022,0
Liu2024,TSGP,20260527-134211,1206.0,2025.0,1.01,0.015,0.024,0
Liu2024,TSGP,20260527-133602,917.0,1739.0,1.01,0.017,0.02,0
Liu2024,TSGP,20260527-131033,1308.0,2104.0,1.01,0.016,0.022,0
Liu2024,BSCNN,20260527-144803,5077.0,1922.0,1.01,0.001,0.001,0
Liu2024,BSCNN,20260527-151915,5673.0,2089.0,1.01,0.001,0.001,0
Liu2024,BSCNN,20260527-145416,4912.0,1998.0,1.01,0.001,0.001,0
Liu2024,BSCNN,20260527-151302,5346.0,1778.0,1.01,0.001,0.001,0
Liu2024,BSCNN,20260527-143527,5672.0,2028.0,1.01,0.001,0.001,0
Liu2024,BSCNN,20260527-150657,5260.0,2172.0,1.01,0.001,0.001,0
Liu2024,BSCNN,20260527-142903,5420.0,2077.0,1.01,0.001,0.001,0
Liu2024,BSCNN,20260527-144157,5245.0,1974.0,1.01,0.001,0.001,0
Liu2024,BSCNN,20260527-150033,5877.0,2057.0,1.01,0.001,0.001,0
Liu2024,BSCNN,20260527-142229,5202.0,2153.0,1.01,0.001,0.001,0
Liu2024,BDCNN,20260527-154401,7019.0,2345.0,1.01,0.001,0.002,0
Liu2024,BDCNN,20260527-155709,7416.0,2178.0,1.01,0.001,0.002,0
Liu2024,BDCNN,20260527-155239,5239.0,2216.0,1.01,0.001,0.001,0
Liu2024,BDCNN,20260527-153944,6362.0,2156.0,1.01,0.001,0.002,0
Liu2024,BDCNN,20260527-161945,3958.0,2455.0,1.01,0.001,0.001,0
Liu2024,BDCNN,20260527-160605,5712.0,2222.0,1.01,0.001,0.001,0
Liu2024,BDCNN,20260527-154829,7105.0,2262.0,1.01,0.001,0.002,0
Liu2024,BDCNN,20260527-161503,4494.0,2392.0,1.01,0.001,0.001,0
Liu2024,BDCNN,20260527-161027,3883.0,2296.0,1.0,0.001,0.001,0
Liu2024,BDCNN,20260527-160134,5420.0,2170.0,1.01,0.001,0.002,0
PhysionetMI,CSPBLDA,20260527-164614,1396.0,1872.0,1.0,0.002,0.001,0
PhysionetMI,CSPBLDA,20260527-171045,1375.0,1413.0,1.0,0.001,0.001,0
PhysionetMI,CSPBLDA,20260527-174446,1356.0,1496.0,1.0,0.002,0.001,0
PhysionetMI,CSPBLDA,20260527-173616,1509.0,2092.0,1.0,0.002,0.001,0
PhysionetMI,CSPBLDA,20260527-163809,1334.0,1501.0,1.0,0.001,0.001,0
PhysionetMI,CSPBLDA,20260527-165436,1205.0,1463.0,1.0,0.001,0.001,0
PhysionetMI,CSPBLDA,20260527-172745,1529.0,2229.0,1.0,0.001,0.001,0
PhysionetMI,CSPBLDA,20260527-171915,1504.0,1898.0,1.0,0.001,0.001,0
PhysionetMI,CSPBLDA,20260527-163009,1385.0,1827.0,1.0,0.001,0.001,0
PhysionetMI,CSPBLDA,20260527-170236,1519.0,2130.0,1.0,0.001,0.001,0
PhysionetMI,CSPGP,20260527-193537,849.0,1860.0,1.0,0.015,0.019,0
PhysionetMI,CSPGP,20260527-191700,975.0,1706.0,1.0,0.016,0.02,0
PhysionetMI,CSPGP,20260527-185905,708.0,1293.0,1.0,0.015,0.02,0
PhysionetMI,CSPGP,20260527-175846,602.0,790.0,1.01,0.021,0.019,0
PhysionetMI,CSPGP,20260527-195338,451.0,1087.0,1.0,0.018,0.016,0
PhysionetMI,CSPGP,20260527-203107,889.0,1145.0,1.0,0.015,0.017,0
PhysionetMI,CSPGP,20260527-204835,1000.0,1777.0,1.0,0.014,0.016,0
PhysionetMI,CSPGP,20260527-201337,717.0,1417.0,1.01,0.015,0.018,0
PhysionetMI,CSPGP,20260527-184107,944.0,1519.0,1.0,0.014,0.018,0
PhysionetMI,CSPGP,20260527-182131,576.0,978.0,1.01,0.023,0.018,0
PhysionetMI,TSBLR,20260527-213714,7384.0,2282.0,1.01,0.001,0.001,0
PhysionetMI,TSBLR,20260527-212308,7475.0,2360.0,1.01,0.001,0.001,0
PhysionetMI,TSBLR,20260527-214105,7310.0,2212.0,1.01,0.001,0.001,0
PhysionetMI,TSBLR,20260527-213003,7273.0,2149.0,1.01,0.001,0.001,0
PhysionetMI,TSBLR,20260527-210916,7527.0,2208.0,1.01,0.001,0.001,0
PhysionetMI,TSBLR,20260527-211939,7444.0,2140.0,1.01,0.001,0.001,0
PhysionetMI,TSBLR,20260527-211610,6544.0,2083.0,1.01,0.001,0.001,0
PhysionetMI,TSBLR,20260527-213334,7180.0,2251.0,1.01,0.001,0.001,0
PhysionetMI,TSBLR,20260527-211239,7256.0,2314.0,1.01,0.001,0.001,0
PhysionetMI,TSBLR,20260527-212634,6675.0,2209.0,1.01,0.001,0.001,0
PhysionetMI,TSGP,20260527-221301,1503.0,2033.0,1.01,0.011,0.021,0
PhysionetMI,TSGP,20260527-224844,1557.0,2209.0,1.01,0.011,0.019,0
PhysionetMI,TSGP,20260527-222012,1245.0,2440.0,1.0,0.01,0.019,0
PhysionetMI,TSGP,20260527-230244,1368.0,2335.0,1.0,0.011,0.017,0
PhysionetMI,TSGP,20260527-223444,1597.0,2165.0,1.0,0.01,0.017,0
PhysionetMI,TSGP,20260527-220614,1531.0,2513.0,1.0,0.011,0.02,0
PhysionetMI,TSGP,20260527-224142,1552.0,2231.0,1.01,0.011,0.017,0
PhysionetMI,TSGP,20260527-215845,1454.0,1896.0,1.01,0.01,0.024,0
PhysionetMI,TSGP,20260527-222731,1456.0,2561.0,1.0,0.01,0.017,0
PhysionetMI,TSGP,20260527-225542,1500.0,2298.0,1.01,0.011,0.021,0
PhysionetMI,BSCNN,20260527-234140,4699.0,2183.0,1.01,0.0,0.001,0
PhysionetMI,BSCNN,20260527-233228,4574.0,2208.0,1.01,0.0,0.001,0
PhysionetMI,BSCNN,20260528-000938,4664.0,2163.0,1.01,0.0,0.001,0
PhysionetMI,BSCNN,20260528-004538,4672.0,2101.0,1.01,0.001,0.001,0
PhysionetMI,BSCNN,20260528-000028,4929.0,1997.0,1.01,0.0,0.001,0
PhysionetMI,BSCNN,20260528-001855,4656.0,2166.0,1.01,0.0,0.001,0
PhysionetMI,BSCNN,20260527-235057,4615.0,2175.0,1.01,0.0,0.001,0
PhysionetMI,BSCNN,20260528-005444,4563.0,2130.0,1.01,0.001,0.001,0
PhysionetMI,BSCNN,20260528-002738,4481.0,2122.0,1.01,0.0,0.001,0
PhysionetMI,BSCNN,20260528-003643,4492.0,2106.0,1.01,0.001,0.001,0
PhysionetMI,BDCNN,20260528-033540,5584.0,2008.0,1.01,0.0,0.001,0
PhysionetMI,BDCNN,20260528-012428,7696.0,1920.0,1.01,0.0,0.001,0
PhysionetMI,BDCNN,20260528-014041,5985.0,1836.0,1.01,0.0,0.001,0
PhysionetMI,BDCNN,20260528-015711,7074.0,1777.0,1.01,0.0,0.001,0
PhysionetMI,BDCNN,20260528-030240,6340.0,2051.0,1.01,0.0,0.001,0
PhysionetMI,BDCNN,20260528-023006,6033.0,1944.0,1.01,0.0,0.001,0
PhysionetMI,BDCNN,20260528-031932,7356.0,1839.0,1.01,0.0,0.001,0
PhysionetMI,BDCNN,20260528-021340,5757.0,1896.0,1.01,0.0,0.001,0
PhysionetMI,BDCNN,20260528-035206,6062.0,1883.0,1.01,0.0,0.001,0
PhysionetMI,BDCNN,20260528-024640,6973.0,1966.0,1.01,0.0,0.001,0
Schirrmeister2017,CSPBLDA,20260528-052037,4550.0,2532.0,1.01,0.0,0.0,0
Schirrmeister2017,CSPBLDA,20260528-042419,1798.0,2461.0,1.0,0.001,0.001,0
Schirrmeister2017,CSPBLDA,20260528-051104,2729.0,2685.0,1.0,0.001,0.0,0
Schirrmeister2017,CSPBLDA,20260528-044232,3120.0,2785.0,1.0,0.001,0.0,0
Schirrmeister2017,CSPBLDA,20260528-041431,3269.0,2437.0,1.0,0.001,0.0,0
Schirrmeister2017,CSPBLDA,20260528-053947,2987.0,2845.0,1.0,0.001,0.0,0
Schirrmeister2017,CSPBLDA,20260528-050126,3853.0,2845.0,1.0,0.0,0.0,0
Schirrmeister2017,CSPBLDA,20260528-045148,3028.0,2537.0,1.0,0.001,0.0,0
Schirrmeister2017,CSPBLDA,20260528-043330,4101.0,2575.0,1.0,0.0,0.0,0
Schirrmeister2017,CSPBLDA,20260528-053018,3814.0,2524.0,1.0,0.0,0.0,0
Schirrmeister2017,CSPGP,20260528-064841,1505.0,1768.0,1.0,0.012,0.019,0
Schirrmeister2017,CSPGP,20260528-084305,1606.0,2135.0,1.0,0.012,0.016,0
Schirrmeister2017,CSPGP,20260528-072349,1613.0,2260.0,1.0,0.011,0.017,0
Schirrmeister2017,CSPGP,20260528-061133,1343.0,1949.0,1.0,0.014,0.018,0
Schirrmeister2017,CSPGP,20260528-055418,806.0,1233.0,1.01,0.016,0.018,0
Schirrmeister2017,CSPGP,20260528-062908,1559.0,2343.0,1.0,0.011,0.017,0
Schirrmeister2017,CSPGP,20260528-074437,1459.0,2403.0,1.0,0.009,0.011,0
Schirrmeister2017,CSPGP,20260528-082209,1204.0,1614.0,1.0,0.011,0.019,0
Schirrmeister2017,CSPGP,20260528-070703,1054.0,1659.0,1.0,0.011,0.01,0
Schirrmeister2017,CSPGP,20260528-080306,1768.0,2190.0,1.0,0.009,0.013,0
Schirrmeister2017,TSBLR,20260528-092939,5430.0,2213.0,1.01,0.0,0.001,0
Schirrmeister2017,TSBLR,20260528-094409,5289.0,2385.0,1.01,0.001,0.001,0
Schirrmeister2017,TSBLR,20260528-091950,5425.0,2240.0,1.01,0.0,0.001,0
Schirrmeister2017,TSBLR,20260528-094918,5905.0,2104.0,1.01,0.0,0.001,0
Schirrmeister2017,TSBLR,20260528-091507,5163.0,2267.0,1.01,0.0,0.001,0
Schirrmeister2017,TSBLR,20260528-091009,5500.0,2287.0,1.01,0.0,0.001,0
Schirrmeister2017,TSBLR,20260528-092436,5917.0,2251.0,1.01,0.0,0.001,0
Schirrmeister2017,TSBLR,20260528-093416,5408.0,2181.0,1.01,0.001,0.001,0
Schirrmeister2017,TSBLR,20260528-093908,5558.0,2241.0,1.01,0.001,0.001,0
Schirrmeister2017,TSBLR,20260528-095414,5785.0,2199.0,1.01,0.001,0.001,0
Schirrmeister2017,TSGP,20260528-111609,579.0,1294.0,1.0,0.013,0.019,0
Schirrmeister2017,TSGP,20260528-115642,472.0,1094.0,1.0,0.013,0.018,0
Schirrmeister2017,TSGP,20260528-110811,519.0,954.0,1.01,0.014,0.016,0
Schirrmeister2017,TSGP,20260528-114013,456.0,1060.0,1.01,0.014,0.017,0
Schirrmeister2017,TSGP,20260528-113214,744.0,1563.0,1.01,0.01,0.02,0
Schirrmeister2017,TSGP,20260528-110012,566.0,1075.0,1.0,0.014,0.014,0
Schirrmeister2017,TSGP,20260528-114849,528.0,1164.0,1.01,0.011,0.019,0
Schirrmeister2017,TSGP,20260528-105214,692.0,1254.0,1.01,0.013,0.02,0
Schirrmeister2017,TSGP,20260528-104439,713.0,1294.0,1.0,0.012,0.016,0
Schirrmeister2017,TSGP,20260528-112415,624.0,1279.0,1.01,0.012,0.018,0
Schirrmeister2017,BSCNN,20260528-134508,7568.0,1949.0,1.01,0.0,0.001,0
Schirrmeister2017,BSCNN,20260528-123830,7062.0,1840.0,1.01,0.001,0.001,0
Schirrmeister2017,BSCNN,20260528-125958,5628.0,2108.0,1.01,0.001,0.001,0
Schirrmeister2017,BSCNN,20260528-132057,5642.0,2054.0,1.01,0.0,0.001,0
Schirrmeister2017,BSCNN,20260528-131002,6683.0,1934.0,1.01,0.0,0.001,0
Schirrmeister2017,BSCNN,20260528-140709,6847.0,2056.0,1.01,0.001,0.001,0
Schirrmeister2017,BSCNN,20260528-122735,7039.0,2006.0,1.01,0.0,0.001,0
Schirrmeister2017,BSCNN,20260528-135558,6562.0,1919.0,1.01,0.001,0.001,0
Schirrmeister2017,BSCNN,20260528-133400,7503.0,2081.0,1.01,0.0,0.001,0
Schirrmeister2017,BSCNN,20260528-124910,5432.0,1990.0,1.01,0.001,0.001,0
Schirrmeister2017,BDCNN,20260528-152934,7676.0,1897.0,1.01,0.001,0.002,0
Schirrmeister2017,BDCNN,20260528-150629,5312.0,1945.0,1.0,0.001,0.002,0
Schirrmeister2017,BDCNN,20260528-145501,5414.0,2249.0,1.01,0.002,0.002,0
Schirrmeister2017,BDCNN,20260528-144830,6806.0,2289.0,1.01,0.001,0.002,0
Schirrmeister2017,BDCNN,20260528-154131,4450.0,2270.0,1.01,0.002,0.002,0
Schirrmeister2017,BDCNN,20260528-150106,4300.0,2324.0,1.01,0.002,0.002,0
Schirrmeister2017,BDCNN,20260528-151207,4338.0,2228.0,1.0,0.002,0.002,0
Schirrmeister2017,BDCNN,20260528-153533,5365.0,2393.0,1.01,0.002,0.002,0
Schirrmeister2017,BDCNN,20260528-152337,6258.0,2212.0,1.01,0.001,0.002,0
Schirrmeister2017,BDCNN,20260528-151738,6142.0,2199.0,1.01,0.001,0.002,0
Shin2017A,CSPBLDA,20260528-161833,2274.0,2743.0,1.0,0.001,0.001,0
Shin2017A,CSPBLDA,20260528-161257,2236.0,2691.0,1.0,0.001,0.001,0
Shin2017A,CSPBLDA,20260528-162933,2247.0,2643.0,1.01,0.001,0.001,0
Shin2017A,CSPBLDA,20260528-163458,3241.0,2579.0,1.01,0.001,0.001,0
Shin2017A,CSPBLDA,20260528-162358,3257.0,2504.0,1.01,0.001,0.001,0
Shin2017A,CSPBLDA,20260528-155628,2852.0,2619.0,1.0,0.001,0.001,0
Shin2017A,CSPBLDA,20260528-160728,2806.0,2763.0,1.01,0.001,0.001,0
Shin2017A,CSPBLDA,20260528-160156,2557.0,2414.0,1.01,0.001,0.001,0
Shin2017A,CSPBLDA,20260528-164558,2772.0,2754.0,1.0,0.001,0.001,0
Shin2017A,CSPBLDA,20260528-164030,3185.0,2677.0,1.0,0.001,0.001,0
Shin2017A,CSPGP,20260528-183803,714.0,1337.0,1.0,0.016,0.017,0
Shin2017A,CSPGP,20260528-175001,1104.0,1780.0,1.0,0.015,0.017,0
Shin2017A,CSPGP,20260528-173703,1024.0,1716.0,1.0,0.013,0.017,0
Shin2017A,CSPGP,20260528-172331,1436.0,2175.0,1.0,0.012,0.017,0
Shin2017A,CSPGP,20260528-171328,856.0,1569.0,1.0,0.015,0.016,0
Shin2017A,CSPGP,20260528-180303,1300.0,1940.0,1.0,0.013,0.016,0
Shin2017A,CSPGP,20260528-182429,1597.0,2013.0,1.0,0.013,0.018,0
Shin2017A,CSPGP,20260528-185033,1124.0,1827.0,1.0,0.013,0.019,0
Shin2017A,CSPGP,20260528-181408,863.0,1553.0,1.01,0.017,0.015,0
Shin2017A,CSPGP,20260528-170027,1109.0,2026.0,1.0,0.015,0.018,0
Shin2017A,TSBLR,20260528-192528,3715.0,2476.0,1.0,0.002,0.002,0
Shin2017A,TSBLR,20260528-192228,3496.0,2694.0,1.01,0.002,0.002,0
Shin2017A,TSBLR,20260528-192816,3570.0,2259.0,1.0,0.002,0.002,0
Shin2017A,TSBLR,20260528-193358,3414.0,2611.0,1.0,0.002,0.002,0
Shin2017A,TSBLR,20260528-191928,3501.0,2577.0,1.0,0.002,0.002,0
Shin2017A,TSBLR,20260528-191346,3668.0,2389.0,1.0,0.002,0.002,0
Shin2017A,TSBLR,20260528-193058,3599.0,2664.0,1.0,0.002,0.002,0
Shin2017A,TSBLR,20260528-191631,3889.0,2443.0,1.0,0.002,0.002,0
Shin2017A,TSBLR,20260528-193958,3433.0,2676.0,1.0,0.002,0.002,0
Shin2017A,TSBLR,20260528-193702,3670.0,2661.0,1.0,0.002,0.002,0
Shin2017A,TSGP,20260528-201615,905.0,1826.0,1.0,0.013,0.021,0
Shin2017A,TSGP,20260528-195128,981.0,1932.0,1.01,0.012,0.02,0
Shin2017A,TSGP,20260528-195942,1007.0,1759.0,1.01,0.012,0.023,0
Shin2017A,TSGP,20260528-202428,1181.0,1965.0,1.01,0.012,0.021,0
Shin2017A,TSGP,20260528-204942,755.0,1460.0,1.01,0.013,0.022,0
Shin2017A,TSGP,20260528-204132,739.0,1537.0,1.01,0.013,0.023,0
Shin2017A,TSGP,20260528-205757,848.0,1641.0,1.01,0.013,0.024,0
Shin2017A,TSGP,20260528-200802,907.0,1798.0,1.01,0.012,0.022,0
Shin2017A,TSGP,20260528-210558,920.0,1793.0,1.01,0.013,0.02,0
Shin2017A,TSGP,20260528-203300,1050.0,1856.0,1.0,0.013,0.022,0
Shin2017A,BSCNN,20260528-220603,4937.0,2105.0,1.01,0.001,0.001,0
Shin2017A,BSCNN,20260528-222758,5068.0,1922.0,1.01,0.001,0.001,0
Shin2017A,BSCNN,20260528-230057,5538.0,1776.0,1.01,0.001,0.001,0
Shin2017A,BSCNN,20260528-232257,4684.0,2052.0,1.01,0.001,0.001,0
Shin2017A,BSCNN,20260528-225002,4828.0,1893.0,1.01,0.001,0.001,0
Shin2017A,BSCNN,20260528-231200,5302.0,1835.0,1.01,0.001,0.001,0
Shin2017A,BSCNN,20260528-223857,5661.0,1879.0,1.01,0.001,0.001,0
Shin2017A,BSCNN,20260528-215457,4495.0,1813.0,1.01,0.001,0.001,0
Shin2017A,BSCNN,20260528-221655,4501.0,2047.0,1.01,0.001,0.001,0
Shin2017A,BSCNN,20260528-214334,4981.0,2048.0,1.01,0.001,0.001,0
Shin2017A,BDCNN,20260529-000359,5950.0,1958.0,1.01,0.001,0.001,0
Shin2017A,BDCNN,20260529-012209,4311.0,2073.0,1.01,0.001,0.001,0
Shin2017A,BDCNN,20260529-004813,5305.0,1905.0,1.01,0.001,0.001,0
Shin2017A,BDCNN,20260529-011340,4847.0,1867.0,1.01,0.001,0.001,0
Shin2017A,BDCNN,20260529-003110,3932.0,2099.0,1.01,0.001,0.001,0
Shin2017A,BDCNN,20260529-001339,5151.0,2157.0,1.01,0.001,0.001,0
Shin2017A,BDCNN,20260529-002211,4614.0,2025.0,1.01,0.001,0.001,0
Shin2017A,BDCNN,20260529-003939,6466.0,1849.0,1.01,0.001,0.002,0
Shin2017A,BDCNN,20260529-005641,5075.0,2086.0,1.01,0.001,0.001,0
Shin2017A,BDCNN,20260529-010512,4987.0,2026.0,1.01,0.001,0.001,0
Stieger2021,CSPBLDA,20260529-070641,1921.0,2310.0,1.0,0.0,0.0,0
Stieger2021,CSPBLDA,20260529-061327,1609.0,2234.0,1.0,0.0,0.0,0
Stieger2021,CSPBLDA,20260529-075854,1692.0,2405.0,1.0,0.0,0.0,0
Stieger2021,CSPBLDA,20260529-042741,1843.0,2134.0,1.0,0.0,0.0,0
Stieger2021,CSPBLDA,20260529-094717,2007.0,2341.0,1.0,0.0,0.0,0
Stieger2021,CSPBLDA,20260529-015043,1672.0,1879.0,1.0,0.0,0.0,0
Stieger2021,CSPBLDA,20260529-033527,1655.0,2251.0,1.0,0.0,0.0,0
Stieger2021,CSPBLDA,20260529-052126,1963.0,2356.0,1.0,0.0,0.0,0
Stieger2021,CSPBLDA,20260529-085113,1767.0,2392.0,1.0,0.0,0.0,0
Stieger2021,CSPBLDA,20260529-024315,1730.0,2356.0,1.0,0.0,0.0,0
Stieger2021,CSPGP,20260529-171243,801.0,1276.0,1.0,0.015,0.012,0
Stieger2021,CSPGP,20260529-123413,778.0,1525.0,1.0,0.01,0.015,0
Stieger2021,CSPGP,20260529-185817,1019.0,2032.0,1.0,0.008,0.016,0
Stieger2021,CSPGP,20260529-132544,685.0,1166.0,1.01,0.015,0.01,0
Stieger2021,CSPGP,20260529-194720,703.0,1399.0,1.01,0.012,0.013,0
Stieger2021,CSPGP,20260529-114151,721.0,1560.0,1.01,0.011,0.013,0
Stieger2021,CSPGP,20260529-141926,695.0,1163.0,1.0,0.01,0.011,0
Stieger2021,CSPGP,20260529-161757,624.0,1395.0,1.01,0.011,0.012,0
Stieger2021,CSPGP,20260529-180715,890.0,1484.0,1.0,0.01,0.013,0
Stieger2021,CSPGP,20260529-151741,850.0,1523.0,1.0,0.012,0.015,0
Stieger2021,TSBLR,20260529-221238,3870.0,2575.0,1.0,0.0,0.001,0
Stieger2021,TSBLR,20260529-222133,3791.0,2533.0,1.0,0.0,0.001,0
Stieger2021,TSBLR,20260529-215503,4058.0,2702.0,1.0,0.0,0.001,0
Stieger2021,TSBLR,20260529-212838,4268.0,2664.0,1.0,0.0,0.001,0
Stieger2021,TSBLR,20260529-210202,3857.0,2743.0,1.0,0.0,0.001,0
Stieger2021,TSBLR,20260529-212000,4218.0,2567.0,1.0,0.0,0.001,0
Stieger2021,TSBLR,20260529-220359,4158.0,2634.0,1.0,0.0,0.001,0
Stieger2021,TSBLR,20260529-213728,4062.0,2558.0,1.0,0.0,0.001,0
Stieger2021,TSBLR,20260529-214610,4044.0,2606.0,1.0,0.0,0.001,0
Stieger2021,TSBLR,20260529-211058,4490.0,2659.0,1.0,0.0,0.001,0
Stieger2021,TSGP,20260602-182746,470.0,998.0,1.01,0.012,0.018,0
Stieger2021,TSGP,20260602-195428,468.0,806.0,1.01,0.011,0.02,0
Stieger2021,TSGP,20260602-200846,417.0,913.0,1.0,0.011,0.02,0
Stieger2021,TSGP,20260602-191133,519.0,990.0,1.0,0.013,0.019,0
Stieger2021,TSGP,20260602-184235,428.0,999.0,1.0,0.011,0.018,0
Stieger2021,TSGP,20260602-181256,387.0,653.0,1.01,0.019,0.016,0
Stieger2021,TSGP,20260602-202303,435.0,825.0,1.01,0.012,0.017,0
Stieger2021,TSGP,20260602-192601,356.0,902.0,1.01,0.011,0.018,0
Stieger2021,TSGP,20260602-194004,411.0,788.0,1.01,0.013,0.017,0
Stieger2021,TSGP,20260602-185700,416.0,881.0,1.01,0.012,0.016,0
Stieger2021,BSCNN,20260603-025939,4853.0,2377.0,1.01,0.0,0.001,0
Stieger2021,BSCNN,20260603-015740,5279.0,2298.0,1.01,0.0,0.001,0
Stieger2021,BSCNN,20260603-081242,4771.0,2329.0,1.01,0.0,0.001,0
Stieger2021,BSCNN,20260602-235026,4939.0,2332.0,1.01,0.0,0.001,0
Stieger2021,BSCNN,20260603-050504,5148.0,2303.0,1.01,0.0,0.001,0
Stieger2021,BSCNN,20260603-005314,4919.0,2490.0,1.01,0.0,0.001,0
Stieger2021,BSCNN,20260603-040141,4497.0,2394.0,1.01,0.0,0.001,0
Stieger2021,BSCNN,20260603-060711,5036.0,2325.0,1.01,0.0,0.001,0
Stieger2021,BSCNN,20260603-091609,5104.0,2231.0,1.01,0.0,0.001,0
Stieger2021,BSCNN,20260603-071009,4933.0,2262.0,1.01,0.0,0.001,0
Stieger2021,BDCNN,20260603-173640,7698.0,2013.0,1.01,0.0,0.0,0
Stieger2021,BDCNN,20260604-013512,4619.0,2044.0,1.01,0.0,0.0,0
Stieger2021,BDCNN,20260603-193609,4149.0,2160.0,1.01,0.0,0.0,0
Stieger2021,BDCNN,20260603-232541,5810.0,2047.0,1.01,0.0,0.0,0
Stieger2021,BDCNN,20260603-141356,7463.0,1941.0,1.01,0.0,0.0,0
Stieger2021,BDCNN,20260603-212010,6855.0,2073.0,1.01,0.0,0.0,0
Stieger2021,BDCNN,20260604-032211,7673.0,1881.0,1.01,0.0,0.0,0
Stieger2021,BDCNN,20260604-052209,5304.0,2124.0,1.01,0.0,0.0,0
Stieger2021,BDCNN,20260603-123500,7017.0,1821.0,1.01,0.0,0.0,0
Stieger2021,BDCNN,20260603-155508,5155.0,2059.0,1.01,0.0,0.0,0
Weibo2014,CSPBLDA,20260604-073141,2354.0,2517.0,1.0,0.001,0.001,0
Weibo2014,CSPBLDA,20260604-083809,2151.0,2370.0,1.0,0.001,0.001,0
Weibo2014,CSPBLDA,20260604-074309,2140.0,2410.0,1.0,0.001,0.001,0
Weibo2014,CSPBLDA,20260604-081848,2127.0,2465.0,1.0,0.001,0.001,0
Weibo2014,CSPBLDA,20260604-080818,1847.0,2512.0,1.0,0.002,0.001,0
Weibo2014,CSPBLDA,20260604-075211,1915.0,2114.0,1.0,0.002,0.001,0
Weibo2014,CSPBLDA,20260604-072348,2413.0,2668.0,1.0,0.001,0.001,0
Weibo2014,CSPBLDA,20260604-082811,2144.0,1988.0,1.0,0.001,0.001,0
Weibo2014,CSPBLDA,20260604-080041,1344.0,2149.0,1.0,0.002,0.001,0
Weibo2014,CSPBLDA,20260604-084709,1887.0,2078.0,1.0,0.002,0.001,0
Weibo2014,CSPGP,20260604-093709,1648.0,1945.0,1.0,0.013,0.018,0
Weibo2014,CSPGP,20260604-104050,905.0,1947.0,1.0,0.016,0.015,0
Weibo2014,CSPGP,20260604-090220,1348.0,2190.0,1.0,0.012,0.016,0
Weibo2014,CSPGP,20260604-105524,1080.0,1744.0,1.01,0.014,0.016,0
Weibo2014,CSPGP,20260604-095411,1294.0,2270.0,1.0,0.013,0.017,0
Weibo2014,CSPGP,20260604-111222,1143.0,1354.0,1.0,0.013,0.016,0
Weibo2014,CSPGP,20260604-100609,897.0,1795.0,1.01,0.019,0.017,0
Weibo2014,CSPGP,20260604-102441,809.0,1846.0,1.01,0.018,0.017,0
Weibo2014,CSPGP,20260604-113018,1323.0,1938.0,1.0,0.013,0.018,0
Weibo2014,CSPGP,20260604-091911,1708.0,2548.0,1.0,0.012,0.019,0
Weibo2014,TSBLR,20260604-121010,4983.0,2451.0,1.01,0.001,0.001,0
Weibo2014,TSBLR,20260604-123849,6004.0,2283.0,1.01,0.001,0.001,0
Weibo2014,TSBLR,20260604-122112,4026.0,2380.0,1.01,0.001,0.001,0
Weibo2014,TSBLR,20260604-123251,3643.0,2395.0,1.0,0.001,0.001,0
Weibo2014,TSBLR,20260604-124421,4731.0,2472.0,1.01,0.001,0.001,0
Weibo2014,TSBLR,20260604-121510,4781.0,2490.0,1.0,0.001,0.001,0
Weibo2014,TSBLR,20260604-120451,5475.0,2280.0,1.0,0.001,0.001,0
Weibo2014,TSBLR,20260604-122646,5382.0,2364.0,1.01,0.001,0.001,0
Weibo2014,TSBLR,20260604-115410,3586.0,2465.0,1.01,0.001,0.001,0
Weibo2014,TSBLR,20260604-115942,3790.0,2366.0,1.01,0.001,0.001,0
Weibo2014,TSGP,20260604-132903,1419.0,2601.0,1.0,0.01,0.019,0
Weibo2014,TSGP,20260604-135030,1349.0,2212.0,1.0,0.011,0.019,0
Weibo2014,TSGP,20260604-125814,1430.0,2496.0,1.0,0.011,0.02,0
Weibo2014,TSGP,20260604-143031,1663.0,2481.0,1.0,0.01,0.019,0
Weibo2014,TSGP,20260604-141035,1457.0,2150.0,1.0,0.01,0.02,0
Weibo2014,TSGP,20260604-133934,1303.0,1985.0,1.01,0.01,0.022,0
Weibo2014,TSGP,20260604-142013,1176.0,1953.0,1.0,0.013,0.018,0
Weibo2014,TSGP,20260604-131905,1283.0,2398.0,1.0,0.012,0.02,0
Weibo2014,TSGP,20260604-130805,1546.0,2322.0,1.0,0.011,0.02,0
Weibo2014,TSGP,20260604-140105,1362.0,2195.0,1.01,0.011,0.022,0
Weibo2014,BSCNN,20260604-170539,6686.0,1991.0,1.01,0.001,0.001,0
Weibo2014,BSCNN,20260604-160438,6650.0,1870.0,1.01,0.001,0.001,0
Weibo2014,BSCNN,20260604-154710,7585.0,1944.0,1.01,0.001,0.001,0
Weibo2014,BSCNN,20260604-162039,6382.0,1939.0,1.01,0.001,0.001,0
Weibo2014,BSCNN,20260604-175741,7052.0,1863.0,1.01,0.001,0.001,0
Weibo2014,BSCNN,20260604-164909,5673.0,2119.0,1.01,0.001,0.001,0
Weibo2014,BSCNN,20260604-174439,6943.0,1948.0,1.01,0.001,0.001,0
Weibo2014,BSCNN,20260604-171838,7892.0,1897.0,1.01,0.001,0.001,0
Weibo2014,BSCNN,20260604-173009,7285.0,1837.0,1.01,0.001,0.001,0
Weibo2014,BSCNN,20260604-163638,7235.0,2020.0,1.01,0.001,0.001,0
Weibo2014,BDCNN,20260604-185040,6810.0,2133.0,1.01,0.001,0.002,0
Weibo2014,BDCNN,20260604-200107,6697.0,2188.0,1.01,0.001,0.002,0
Weibo2014,BDCNN,20260604-194908,8518.0,1950.0,1.01,0.001,0.002,0
Weibo2014,BDCNN,20260604-192509,5358.0,2326.0,1.01,0.001,0.002,0
Weibo2014,BDCNN,20260604-202339,6637.0,2394.0,1.01,0.001,0.002,0
Weibo2014,BDCNN,20260604-201111,8473.0,2278.0,1.01,0.001,0.002,0
Weibo2014,BDCNN,20260604-185939,6326.0,2133.0,1.01,0.001,0.001,0
Weibo2014,BDCNN,20260604-191039,4639.0,2401.0,1.01,0.001,0.001,0
Weibo2014,BDCNN,20260604-203139,5000.0,2098.0,1.01,0.001,0.002,0
Weibo2014,BDCNN,20260604-193809,3813.0,2351.0,1.01,0.002,0.002,0
Yang2025,CSPBLDA,20260604-233647,2023.0,2558.0,1.0,0.0,0.0,0
Yang2025,CSPBLDA,20260604-213856,3299.0,2402.0,1.0,0.0,0.0,0
Yang2025,CSPBLDA,20260604-205820,1721.0,2297.0,1.0,0.0,0.0,0
Yang2025,CSPBLDA,20260604-225721,2669.0,2507.0,1.0,0.0,0.0,0
Yang2025,CSPBLDA,20260605-013650,3811.0,2391.0,1.0,0.0,0.0,0
Yang2025,CSPBLDA,20260604-221829,2444.0,2699.0,1.0,0.0,0.0,0
Yang2025,CSPBLDA,20260605-005650,2461.0,2624.0,1.0,0.0,0.0,0
Yang2025,CSPBLDA,20260605-025833,2432.0,2464.0,1.0,0.0,0.0,0
Yang2025,CSPBLDA,20260605-001718,2294.0,2394.0,1.0,0.0,0.0,0
Yang2025,CSPBLDA,20260605-021718,3132.0,2553.0,1.0,0.0,0.0,0
Yang2025,CSPGP,20260605-081409,977.0,1684.0,1.0,0.013,0.014,0
Yang2025,CSPGP,20260605-041616,1019.0,1838.0,1.0,0.009,0.011,0
Yang2025,CSPGP,20260605-045909,1195.0,2179.0,1.0,0.01,0.017,0
Yang2025,CSPGP,20260605-092139,1196.0,2008.0,1.0,0.011,0.012,0
Yang2025,CSPGP,20260605-074132,767.0,1273.0,1.0,0.014,0.013,0
Yang2025,CSPGP,20260605-065934,1040.0,1456.0,1.0,0.009,0.017,0
Yang2025,CSPGP,20260605-054209,1048.0,1400.0,1.0,0.012,0.017,0
Yang2025,CSPGP,20260605-084648,1177.0,1767.0,1.0,0.01,0.011,0
Yang2025,CSPGP,20260605-100011,1044.0,1856.0,1.0,0.012,0.015,0
Yang2025,CSPGP,20260605-062035,1145.0,1913.0,1.0,0.01,0.014,0
Yang2025,TSBLR,20260605-115158,3902.0,2692.0,1.0,0.001,0.001,0
Yang2025,TSBLR,20260605-113131,4045.0,2499.0,1.0,0.001,0.001,0
Yang2025,TSBLR,20260605-114128,3886.0,2312.0,1.0,0.001,0.001,0
Yang2025,TSBLR,20260605-105349,4410.0,2415.0,1.01,0.001,0.001,0
Yang2025,TSBLR,20260605-121932,4177.0,2153.0,1.0,0.001,0.001,0
Yang2025,TSBLR,20260605-112228,4379.0,2554.0,1.0,0.001,0.001,0
Yang2025,TSBLR,20260605-110258,4184.0,2608.0,1.0,0.001,0.001,0
Yang2025,TSBLR,20260605-111228,4089.0,2574.0,1.0,0.001,0.001,0
Yang2025,TSBLR,20260605-121031,3868.0,2338.0,1.0,0.001,0.001,0
Yang2025,TSBLR,20260605-120142,3754.0,2522.0,1.0,0.001,0.001,0
Yang2025,TSGP,20260606-050311,1014.0,1820.0,1.01,0.01,0.019,0
Yang2025,TSGP,20260606-043309,866.0,1744.0,1.0,0.011,0.022,0
Yang2025,TSGP,20260606-051841,880.0,1558.0,1.0,0.011,0.018,0
Yang2025,TSGP,20260606-053438,1104.0,2034.0,1.0,0.01,0.019,0
Yang2025,TSGP,20260606-041611,1028.0,1377.0,1.0,0.011,0.017,0
Yang2025,TSGP,20260606-060311,1038.0,1848.0,1.0,0.012,0.015,0
Yang2025,TSGP,20260606-055006,887.0,1846.0,1.0,0.011,0.018,0
Yang2025,TSGP,20260606-040048,1107.0,1914.0,1.0,0.01,0.02,0
Yang2025,TSGP,20260606-034508,959.0,1935.0,1.0,0.012,0.018,0
Yang2025,TSGP,20260606-044706,910.0,1723.0,1.0,0.011,0.018,0
Yang2025,BSCNN,20260606-092341,4580.0,2177.0,1.01,0.0,0.001,0
Yang2025,BSCNN,20260606-113039,4443.0,2252.0,1.01,0.0,0.001,0
Yang2025,BSCNN,20260606-181039,4279.0,2279.0,1.01,0.0,0.001,0
Yang2025,BSCNN,20260606-155211,5800.0,2315.0,1.01,0.0,0.001,0
Yang2025,BSCNN,20260606-144209,4690.0,2318.0,1.01,0.0,0.001,0
Yang2025,BSCNN,20260606-134209,5380.0,2062.0,1.01,0.0,0.001,0
Yang2025,BSCNN,20260606-123839,4489.0,2207.0,1.01,0.0,0.001,0
Yang2025,BSCNN,20260606-102439,7368.0,1891.0,1.01,0.0,0.001,0
Yang2025,BSCNN,20260606-192841,5158.0,2189.0,1.01,0.0,0.001,0
Yang2025,BSCNN,20260606-170309,4840.0,2210.0,1.01,0.0,0.001,0
Yang2025,BDCNN,20260607-053441,3998.0,2572.0,1.0,0.001,0.001,0
Yang2025,BDCNN,20260607-035009,4357.0,2505.0,1.0,0.001,0.001,0
Yang2025,BDCNN,20260607-031941,5496.0,2180.0,1.0,0.001,0.001,0
Yang2025,BDCNN,20260607-002709,3157.0,2485.0,1.0,0.001,0.001,0
Yang2025,BDCNN,20260607-042639,7153.0,2237.0,1.0,0.001,0.001,0
Yang2025,BDCNN,20260607-024711,3900.0,2548.0,1.0,0.001,0.001,0
Yang2025,BDCNN,20260607-010439,5090.0,2199.0,1.01,0.001,0.001,0
Yang2025,BDCNN,20260607-021812,4280.0,2551.0,1.0,0.001,0.001,0
Yang2025,BDCNN,20260607-045639,3774.0,2538.0,1.0,0.001,0.001,0
Yang2025,BDCNN,20260607-014342,4244.0,2542.0,1.01,0.001,0.001,0
Zhou2020,CSPBLDA,20260607-062839,2404.0,2656.0,1.01,0.001,0.0,0
Zhou2020,CSPBLDA,20260607-074913,1827.0,2342.0,1.0,0.001,0.001,0
Zhou2020,CSPBLDA,20260607-070041,1996.0,2368.0,1.01,0.001,0.001,0
Zhou2020,CSPBLDA,20260607-073206,3277.0,2773.0,1.0,0.0,0.0,0
Zhou2020,CSPBLDA,20260607-064506,2316.0,2647.0,1.0,0.001,0.0,0
Zhou2020,CSPBLDA,20260607-080457,3534.0,2663.0,1.0,0.0,0.0,0
Zhou2020,CSPBLDA,20260607-071637,2781.0,2541.0,1.0,0.001,0.0,0
Zhou2020,CSPBLDA,20260607-082039,1462.0,1985.0,1.0,0.001,0.0,0
Zhou2020,CSPGP,20260607-114613,272.0,839.0,1.01,0.053,0.016,0
Zhou2020,CSPGP,20260607-100957,694.0,624.0,1.0,0.017,0.018,0
Zhou2020,CSPGP,20260607-085513,688.0,624.0,1.01,0.02,0.017,0
Zhou2020,CSPGP,20260607-094901,1185.0,1898.0,1.01,0.013,0.013,0
Zhou2020,CSPGP,20260607-112234,1194.0,1674.0,1.01,0.014,0.015,0
Zhou2020,CSPGP,20260607-105758,871.0,1566.0,1.01,0.015,0.016,0
Zhou2020,CSPGP,20260607-092349,1024.0,1922.0,1.01,0.013,0.016,0
Zhou2020,CSPGP,20260607-103918,1323.0,1843.0,1.0,0.013,0.015,0
Zhou2020,TSBLR,20260607-125214,6996.0,2363.0,1.01,0.001,0.001,0
Zhou2020,TSBLR,20260607-133209,6643.0,2277.0,1.01,0.001,0.001,0
Zhou2020,TSBLR,20260607-134255,6583.0,2264.0,1.01,0.001,0.001,0
Zhou2020,TSBLR,20260607-131211,7132.0,2304.0,1.01,0.001,0.001,0
Zhou2020,TSBLR,20260607-130240,6963.0,2271.0,1.01,0.001,0.001,0
Zhou2020,TSBLR,20260607-132207,7030.0,2151.0,1.0,0.001,0.001,0
Zhou2020,TSBLR,20260607-135232,6518.0,2173.0,1.01,0.001,0.001,0
Zhou2020,TSBLR,20260607-124107,6355.0,2271.0,1.01,0.001,0.001,0
Zhou2020,TSGP,20260607-153418,1238.0,2114.0,1.0,0.011,0.02,0
Zhou2020,TSGP,20260607-160222,1084.0,1703.0,1.0,0.011,0.021,0
Zhou2020,TSGP,20260607-152116,1129.0,1973.0,1.0,0.012,0.018,0
Zhou2020,TSGP,20260607-154747,1377.0,2081.0,1.0,0.01,0.02,0
Zhou2020,TSGP,20260607-145515,1444.0,2249.0,1.0,0.011,0.016,0
Zhou2020,TSGP,20260607-142825,1014.0,1720.0,1.0,0.01,0.02,0
Zhou2020,TSGP,20260607-144148,1283.0,1886.0,1.0,0.011,0.021,0
Zhou2020,TSGP,20260607-150812,1021.0,1832.0,1.0,0.011,0.019,0
Zhou2020,BSCNN,20260608-030411,6922.0,2008.0,1.01,0.0,0.001,0
Zhou2020,BSCNN,20260608-021009,4945.0,2188.0,1.01,0.0,0.001,0
Zhou2020,BSCNN,20260607-233342,6359.0,2118.0,1.01,0.0,0.001,0
Zhou2020,BSCNN,20260608-040039,7201.0,2021.0,1.01,0.0,0.001,0
Zhou2020,BSCNN,20260608-011041,5412.0,2029.0,1.01,0.0,0.001,0
Zhou2020,BSCNN,20260608-002609,5358.0,1845.0,1.01,0.0,0.001,0
Zhou2020,BSCNN,20260607-214634,5681.0,2155.0,1.01,0.0,0.001,0
Zhou2020,BSCNN,20260607-223709,6646.0,1851.0,1.01,0.0,0.001,0
Zhou2020,BDCNN,20260608-103939,6387.0,2092.0,1.01,0.0,0.001,0
Zhou2020,BDCNN,20260608-091302,4650.0,2197.0,1.01,0.001,0.001,0
Zhou2020,BDCNN,20260608-112434,5210.0,2034.0,1.01,0.001,0.001,0
Zhou2020,BDCNN,20260608-095409,5825.0,1984.0,1.01,0.001,0.001,0
Zhou2020,BDCNN,20260608-130709,7404.0,2095.0,1.01,0.0,0.001,0
Zhou2020,BDCNN,20260608-135634,5978.0,2125.0,1.01,0.001,0.001,0
Zhou2020,BDCNN,20260608-120911,7192.0,2090.0,1.01,0.0,0.001,0
Zhou2020,BDCNN,20260608-143511,4893.0,2250.0,1.01,0.001,0.001,0
